id,user_id,item_id,interaction
0,102,119,-1
1,435,125,-1
2,860,54,-1
3,270,26,1
4,106,117,-1
5,71,52,-1
6,700,38,1
7,20,64,1
8,614,144,1
9,121,157,1
10,466,180,1
11,214,12,-1
12,330,20,-1
13,458,146,-1
14,87,52,1
15,372,18,-1
16,99,56,1
17,871,24,-1
18,663,30,-1
19,130,80,1
20,661,182,1
21,308,22,-1
22,769,31,-1
23,343,189,-1
24,491,73,-1
25,413,9,-1
26,805,199,1
27,385,53,1
28,191,51,1
29,955,147,1
30,276,159,-1
31,160,113,-1
32,459,13,1
33,313,177,-1
34,21,155,1
35,252,109,-1
36,747,52,-1
37,856,151,-1
38,560,78,1
39,474,21,1
40,58,29,1
41,510,190,1
42,681,3,-1
43,475,58,-1
44,699,7,-1
45,975,11,-1
46,782,118,1
47,189,158,-1
48,957,33,-1
49,686,81,-1
50,957,97,1
51,562,126,1
52,875,74,1
53,566,104,-1
54,243,48,1
55,831,78,-1
56,504,184,-1
57,130,92,-1
58,484,153,1
59,818,17,1
60,646,95,-1
61,20,37,-1
62,840,86,1
63,166,87,1
64,273,49,1
65,387,7,-1
66,600,168,-1
67,315,133,-1
68,13,68,1
69,241,171,1
70,776,120,1
71,345,63,-1
72,564,156,-1
73,897,155,1
74,339,138,-1
75,91,120,1
76,366,64,-1
77,955,106,1
78,454,146,-1
79,427,136,-1
80,508,154,1
81,775,161,1
82,942,171,1
83,34,195,1
84,205,99,1
85,80,81,-1
86,931,142,1
87,561,50,1
88,871,140,1
89,387,82,-1
90,1,176,1
91,389,197,1
92,565,111,1
93,105,55,-1
94,771,178,-1
95,821,164,1
96,476,144,-1
97,702,185,1
98,401,156,-1
99,729,160,1
100,555,59,-1
101,161,119,1
102,201,182,1
103,957,137,-1
104,995,174,1
105,269,22,1
106,862,148,1
107,815,12,1
108,270,100,-1
109,455,160,1
110,461,23,-1
111,726,107,-1
112,251,10,-1
113,701,16,-1
114,295,195,1
115,724,174,1
116,719,24,-1
117,748,93,1
118,337,20,-1
119,878,83,1
120,52,139,1
121,791,36,1
122,921,41,-1
123,216,144,-1
124,763,100,1
125,187,47,-1
126,379,102,-1
127,492,27,1
128,40,40,-1
129,156,98,1
130,14,46,1
131,812,145,1
132,64,104,-1
133,856,123,1
134,838,198,1
135,520,12,-1
136,343,140,-1
137,128,99,-1
138,647,30,-1
139,471,129,1
140,62,15,-1
141,138,136,-1
142,498,72,-1
143,592,165,-1
144,391,53,1
145,674,183,-1
146,418,99,1
147,288,108,-1
148,378,86,1
149,772,172,1
150,489,161,-1
151,230,136,1
152,40,7,-1
153,27,6,1
154,134,35,1
155,200,17,1
156,839,2,-1
157,779,27,1
158,929,69,-1
159,32,171,1
160,47,148,1
161,502,27,1
162,406,53,1
163,573,181,1
164,727,64,1
165,804,99,-1
166,98,20,-1
167,683,12,-1
168,871,56,1
169,725,48,-1
170,986,117,1
171,546,53,-1
172,960,137,-1
173,738,52,1
174,612,43,1
175,942,46,-1
176,461,52,-1
177,642,73,-1
178,768,45,-1
179,4,12,1
180,217,164,-1
181,502,101,1
182,766,23,1
183,397,1,-1
184,870,80,1
185,794,99,-1
186,392,141,1
187,206,137,1
188,14,162,-1
189,857,152,1
190,553,130,1
191,891,110,-1
192,460,101,1
193,690,16,1
194,574,11,-1
195,863,181,-1
196,742,115,1
197,240,23,1
198,563,28,1
199,95,170,-1
200,899,152,1
201,733,121,1
202,484,187,1
203,406,89,1
204,230,64,1
205,748,83,1
206,654,118,-1
207,170,155,-1
208,540,15,1
209,35,174,1
210,524,103,-1
211,159,91,-1
212,838,185,-1
213,698,26,1
214,242,180,1
215,85,169,1
216,795,186,1
217,577,174,-1
218,681,161,-1
219,556,164,-1
220,573,133,-1
221,952,134,1
222,645,152,1
223,795,32,-1
224,27,54,-1
225,619,185,-1
226,555,6,-1
227,339,56,-1
228,797,125,1
229,957,11,1
230,330,15,-1
231,639,42,-1
232,505,116,-1
233,347,134,1
234,472,110,1
235,230,50,1
236,189,159,-1
237,224,74,1
238,384,7,-1
239,376,199,1
240,282,44,1
241,957,58,1
242,632,131,-1
243,627,103,-1
244,972,194,1
245,744,156,-1
246,258,156,-1
247,358,97,-1
248,709,155,-1
249,455,78,-1
250,410,123,-1
251,648,171,-1
252,317,3,1
253,676,89,-1
254,224,103,-1
255,818,136,1
256,233,118,1
257,683,132,1
258,663,55,1
259,974,95,-1
260,826,177,1
261,373,74,1
262,671,142,-1
263,607,31,-1
264,471,27,-1
265,232,21,1
266,691,16,-1
267,112,58,1
268,829,89,-1
269,496,198,-1
270,441,105,1
271,563,184,-1
272,267,25,-1
273,509,24,-1
274,806,137,-1
275,385,44,-1
276,386,82,1
277,112,10,1
278,612,180,-1
279,624,199,1
280,951,103,1
281,80,67,1
282,698,94,-1
283,112,155,-1
284,1,64,-1
285,641,48,1
286,219,174,1
287,565,51,-1
288,854,101,-1
289,996,181,1
290,735,187,1
291,224,56,-1
292,384,46,1
293,402,158,1
294,637,173,1
295,129,25,1
296,52,113,1
297,683,4,1
298,729,83,1
299,671,51,-1
300,709,104,-1
301,415,53,1
302,246,160,1
303,835,177,1
304,438,165,-1
305,202,154,-1
306,183,14,1
307,122,60,-1
308,400,121,1
309,766,20,1
310,293,45,1
311,279,196,1
312,836,133,1
313,883,37,1
314,609,61,1
315,197,85,-1
316,981,189,1
317,906,77,-1
318,510,45,1
319,751,140,1
320,143,2,-1
321,608,5,-1
322,200,92,1
323,123,7,-1
324,186,171,1
325,325,107,1
326,463,160,-1
327,348,74,-1
328,770,76,-1
329,659,49,-1
330,763,10,1
331,954,94,-1
332,931,155,-1
333,402,69,-1
334,345,168,-1
335,962,15,-1
336,510,67,1
337,146,98,1
338,147,47,-1
339,863,183,-1
340,710,63,1
341,819,186,-1
342,488,89,1
343,928,189,1
344,935,75,-1
345,639,138,1
346,550,100,-1
347,337,88,-1
348,871,17,1
349,640,18,1
350,778,54,-1
351,987,101,1
352,952,117,-1
353,472,153,1
354,945,133,1
355,150,3,-1
356,414,107,-1
357,989,114,-1
358,297,28,1
359,610,58,-1
360,262,124,-1
361,763,97,1
362,143,16,1
363,345,106,-1
364,623,42,-1
365,571,79,-1
366,880,193,-1
367,1,161,1
368,896,7,1
369,303,140,-1
370,253,105,-1
371,651,7,-1
372,452,95,1
373,36,93,-1
374,159,64,-1
375,8,170,1
376,232,38,1
377,98,80,-1
378,658,186,-1
379,815,83,1
380,207,87,-1
381,130,85,-1
382,403,92,1
383,151,85,1
384,53,43,1
385,119,136,-1
386,672,164,1
387,919,73,1
388,627,35,-1
389,586,100,-1
390,624,155,1
391,967,169,1
392,419,170,-1
393,421,169,-1
394,103,103,1
395,851,65,1
396,253,54,-1
397,226,199,1
398,111,175,-1
399,509,90,1
400,472,21,-1
401,98,100,-1
402,152,154,1
403,860,120,1
404,913,92,-1
405,895,194,1
406,877,107,1
407,337,140,1
408,705,172,-1
409,821,9,1
410,162,8,1
411,719,181,-1
412,956,154,1
413,680,33,1
414,995,128,-1
415,160,159,-1
416,579,88,1
417,800,92,1
418,397,70,-1
419,276,66,-1
420,815,147,1
421,915,116,1
422,503,93,1
423,895,162,-1
424,391,98,1
425,134,112,-1
426,194,102,-1
427,400,90,-1
428,639,89,1
429,32,16,1
430,687,17,1
431,459,172,-1
432,954,115,1
433,882,92,-1
434,469,180,-1
435,374,90,-1
436,21,81,-1
437,749,67,-1
438,669,192,-1
439,37,113,1
440,229,0,-1
441,364,57,1
442,562,153,-1
443,437,108,1
444,775,147,1
445,282,115,1
446,26,86,1
447,225,9,-1
448,276,58,-1
449,797,40,-1
450,608,104,-1
451,283,132,1
452,878,121,1
453,959,192,1
454,480,144,-1
455,452,21,1
456,828,97,-1
457,815,168,1
458,658,67,1
459,515,196,1
460,546,138,1
461,191,55,1
462,48,178,-1
463,511,148,1
464,16,98,-1
465,171,75,-1
466,219,25,-1
467,157,114,-1
468,476,146,-1
469,45,108,-1
470,372,187,-1
471,517,198,-1
472,98,46,1
473,891,70,1
474,744,153,-1
475,36,39,-1
476,279,132,-1
477,348,148,1
478,496,131,1
479,301,22,-1
480,180,105,-1
481,606,83,1
482,98,142,1
483,699,115,-1
484,992,108,-1
485,115,135,-1
486,190,40,-1
487,252,111,1
488,980,146,1
489,927,111,-1
490,982,102,-1
491,160,45,-1
492,255,155,1
493,322,67,-1
494,127,121,-1
495,17,14,-1
496,792,164,1
497,734,128,-1
498,565,194,1
499,569,110,-1
500,322,23,-1
501,871,26,-1
502,685,39,1
503,791,190,-1
504,625,188,-1
505,287,163,1
506,942,23,1
507,853,23,1
508,662,3,-1
509,961,66,1
510,638,33,-1
511,154,184,1
512,489,176,1
513,385,180,1
514,985,115,-1
515,784,22,-1
516,103,108,-1
517,928,68,-1
518,392,94,-1
519,810,180,-1
520,245,61,-1
521,175,168,-1
522,38,56,-1
523,476,187,1
524,681,53,1
525,758,69,-1
526,537,100,-1
527,866,56,-1
528,817,137,-1
529,920,167,1
530,407,134,1
531,524,102,-1
532,827,165,1
533,505,84,1
534,902,60,-1
535,824,2,-1
536,35,127,-1
537,684,178,-1
538,19,85,1
539,320,46,-1
540,775,195,1
541,511,75,-1
542,399,37,1
543,653,163,-1
544,971,168,-1
545,882,196,1
546,470,140,1
547,142,86,1
548,91,57,-1
549,353,49,1
550,833,29,1
551,799,189,1
552,726,100,1
553,958,24,1
554,853,111,1
555,50,154,1
556,664,178,1
557,697,184,1
558,574,125,-1
559,189,122,-1
560,124,46,1
561,149,117,-1
562,313,38,-1
563,569,15,1
564,341,21,1
565,304,53,1
566,691,148,1
567,681,199,1
568,837,15,1
569,782,58,-1
570,53,30,1
571,443,169,-1
572,612,31,1
573,992,186,1
574,263,161,-1
575,52,8,1
576,571,138,1
577,619,9,-1
578,4,16,1
579,102,67,-1
580,195,47,1
581,773,179,1
582,876,110,-1
583,991,152,1
584,883,122,-1
585,349,148,-1
586,46,100,-1
587,866,101,1
588,822,64,1
589,935,190,-1
590,819,50,1
591,655,35,1
592,268,80,1
593,369,126,-1
594,635,87,1
595,105,193,-1
596,669,103,1
597,658,14,1
598,656,95,-1
599,119,166,1
600,830,122,-1
601,786,197,1
602,603,0,-1
603,57,150,1
604,950,121,1
605,345,166,1
606,740,125,-1
607,473,56,-1
608,116,80,-1
609,829,161,1
610,790,168,-1
611,126,72,-1
612,392,140,-1
613,907,69,-1
614,640,5,-1
615,57,83,-1
616,633,51,-1
617,512,2,-1
618,750,80,-1
619,801,62,-1
620,95,48,1
621,637,75,1
622,117,111,-1
623,559,174,1
624,600,108,1
625,487,182,-1
626,236,191,-1
627,884,64,-1
628,896,80,1
629,271,194,-1
630,188,14,1
631,998,99,-1
632,703,31,1
633,446,95,1
634,580,127,-1
635,789,195,-1
636,860,145,1
637,246,112,1
638,962,82,-1
639,75,42,-1
640,153,115,1
641,655,162,-1
642,434,77,1
643,996,57,-1
644,85,32,-1
645,696,13,-1
646,284,161,1
647,973,188,-1
648,219,131,1
649,68,58,-1
650,46,156,1
651,93,82,1
652,749,133,-1
653,957,120,1
654,452,176,1
655,203,167,1
656,911,82,1
657,217,192,-1
658,473,196,-1
659,431,26,-1
660,340,79,1
661,550,133,1
662,611,12,-1
663,288,63,-1
664,253,189,1
665,733,146,-1
666,356,79,-1
667,22,122,1
668,761,42,-1
669,521,88,1
670,757,147,-1
671,836,94,1
672,99,195,1
673,801,171,1
674,179,150,1
675,222,1,1
676,905,119,-1
677,761,21,-1
678,658,114,-1
679,441,56,1
680,607,71,-1
681,768,6,1
682,324,183,1
683,515,118,-1
684,15,194,1
685,791,113,-1
686,335,15,1
687,758,82,1
688,257,178,-1
689,496,71,1
690,987,123,-1
691,895,112,1
692,159,11,-1
693,474,125,1
694,851,52,-1
695,663,74,-1
696,907,132,1
697,689,26,-1
698,674,139,1
699,379,144,1
700,544,133,-1
701,928,96,-1
702,956,4,-1
703,690,56,-1
704,426,155,-1
705,612,77,1
706,267,68,-1
707,834,117,1
708,576,119,-1
709,416,58,-1
710,167,32,-1
711,841,61,1
712,42,49,-1
713,555,111,1
714,284,18,1
715,396,196,1
716,11,122,-1
717,606,193,1
718,301,46,-1
719,897,166,1
720,252,195,-1
721,498,32,1
722,753,140,-1
723,34,83,-1
724,726,181,-1
725,848,134,1
726,89,78,1
727,775,13,-1
728,604,146,1
729,921,127,1
730,969,53,1
731,601,147,1
732,417,28,1
733,114,23,1
734,616,81,1
735,902,62,-1
736,195,104,-1
737,825,56,1
738,500,135,-1
739,625,61,-1
740,492,156,-1
741,74,16,1
742,412,65,1
743,375,5,1
744,419,57,1
745,728,68,1
746,276,155,-1
747,760,61,1
748,675,168,-1
749,393,196,1
750,868,81,-1
751,456,168,1
752,919,176,1
753,191,176,1
754,738,70,1
755,688,130,1
756,98,9,1
757,547,97,-1
758,977,88,1
759,998,34,-1
760,95,1,1
761,663,123,-1
762,662,23,-1
763,189,73,-1
764,735,165,-1
765,36,21,-1
766,779,153,-1
767,368,170,1
768,694,182,-1
769,524,38,1
770,278,156,1
771,216,19,-1
772,866,40,-1
773,872,181,1
774,797,147,-1
775,272,107,-1
776,880,146,-1
777,61,83,-1
778,595,110,-1
779,879,65,-1
780,728,157,-1
781,341,52,1
782,396,33,-1
783,698,149,1
784,18,66,1
785,176,133,1
786,611,26,1
787,395,9,-1
788,444,72,1
789,232,95,1
790,914,47,1
791,75,69,1
792,264,186,1
793,454,99,-1
794,795,58,-1
795,717,1,1
796,734,156,-1
797,383,195,-1
798,563,64,1
799,850,82,1
800,505,153,1
801,366,9,-1
802,143,52,1
803,884,78,-1
804,68,58,-1
805,98,149,-1
806,395,178,1
807,24,47,-1
808,947,148,1
809,890,122,1
810,468,21,1
811,483,99,1
812,564,97,1
813,150,157,-1
814,143,24,-1
815,568,27,-1
816,38,192,-1
817,108,112,-1
818,692,44,1
819,41,67,1
820,185,6,-1
821,934,48,-1
822,397,136,-1
823,222,163,1
824,633,82,1
825,132,128,1
826,162,137,-1
827,214,163,-1
828,732,72,-1
829,234,45,-1
830,842,105,1
831,657,159,-1
832,750,31,-1
833,587,5,-1
834,8,175,1
835,73,165,1
836,953,144,-1
837,491,73,1
838,912,113,1
839,252,26,1
840,229,53,1
841,518,177,1
842,173,162,-1
843,652,84,-1
844,167,126,-1
845,169,152,1
846,392,155,1
847,945,110,1
848,794,14,1
849,633,131,-1
850,193,92,-1
851,516,122,-1
852,28,72,-1
853,164,154,-1
854,421,153,-1
855,338,146,1
856,647,91,1
857,495,16,-1
858,364,42,1
859,832,120,-1
860,341,40,-1
861,499,169,1
862,656,177,-1
863,510,167,-1
864,326,38,-1
865,216,112,1
866,300,150,1
867,131,110,1
868,803,179,1
869,69,46,-1
870,251,62,1
871,414,109,1
872,786,68,1
873,444,42,-1
874,875,175,1
875,181,33,1
876,166,39,-1
877,90,60,-1
878,713,177,-1
879,857,194,-1
880,530,61,1
881,38,57,-1
882,125,160,1
883,450,74,1
884,172,15,1
885,652,81,1
886,753,93,1
887,219,47,-1
888,637,137,1
889,57,81,1
890,659,37,1
891,475,126,-1
892,455,18,1
893,828,163,1
894,894,186,-1
895,360,62,1
896,934,76,1
897,0,173,-1
898,386,130,1
899,972,101,1
900,347,64,1
901,189,119,1
902,504,90,1
903,190,7,-1
904,507,178,-1
905,368,72,-1
906,408,133,1
907,823,106,1
908,928,88,1
909,933,38,-1
910,116,112,1
911,133,187,1
912,57,27,1
913,555,96,-1
914,684,181,-1
915,671,36,1
916,172,136,1
917,828,81,1
918,814,55,-1
919,148,186,-1
920,79,84,-1
921,885,1,1
922,212,188,-1
923,202,57,1
924,763,106,1
925,228,122,-1
926,675,187,1
927,226,167,-1
928,658,163,1
929,531,113,1
930,440,106,-1
931,401,36,1
932,46,78,1
933,232,91,1
934,304,17,1
935,525,97,1
936,142,62,1
937,414,149,1
938,512,138,1
939,372,185,-1
940,565,184,-1
941,885,3,1
942,258,134,1
943,655,60,-1
944,470,106,1
945,952,53,-1
946,970,87,-1
947,11,67,-1
948,329,128,1
949,735,54,1
950,783,2,1
951,967,165,-1
952,357,120,-1
953,971,128,-1
954,407,101,1
955,667,37,-1
956,372,84,-1
957,7,156,1
958,121,132,-1
959,347,91,-1
960,675,20,1
961,89,198,1
962,647,194,-1
963,697,108,1
964,315,46,-1
965,177,83,1
966,539,82,-1
967,731,34,1
968,868,195,-1
969,40,68,1
970,739,128,1
971,703,195,1
972,922,139,1
973,501,187,1
974,958,26,1
975,144,55,1
976,200,22,-1
977,928,152,-1
978,723,20,1
979,460,60,1
980,731,62,-1
981,751,121,-1
982,924,51,1
983,908,87,-1
984,557,152,-1
985,546,54,1
986,252,45,1
987,389,31,1
988,593,54,-1
989,882,95,1
990,255,132,1
991,708,35,-1
992,814,109,1
993,920,176,-1
994,449,105,-1
995,9,57,-1
996,823,38,-1
997,797,79,-1
998,241,96,-1
999,250,112,1
1000,876,60,1
1001,4,136,1
1002,118,5,-1
1003,800,108,1
1004,373,34,-1
1005,64,38,1
1006,145,149,-1
1007,223,168,1
1008,238,117,-1
1009,176,4,1
1010,778,169,-1
1011,852,86,1
1012,281,75,-1
1013,62,194,1
1014,216,157,1
1015,853,56,1
1016,826,126,-1
1017,794,28,-1
1018,688,164,-1
1019,460,86,-1
1020,928,140,-1
1021,609,159,1
1022,104,45,-1
1023,98,115,1
1024,510,111,1
1025,384,150,-1
1026,404,44,1
1027,822,144,-1
1028,517,103,-1
1029,475,84,-1
1030,976,193,1
1031,708,133,-1
1032,862,107,-1
1033,644,17,-1
1034,869,93,1
1035,770,149,-1
1036,436,32,1
1037,22,157,1
1038,996,125,-1
1039,564,159,1
1040,676,169,1
1041,713,121,-1
1042,457,137,-1
1043,82,114,-1
1044,144,163,1
1045,84,161,-1
1046,77,27,1
1047,456,10,1
1048,877,166,1
1049,0,46,1
1050,50,126,1
1051,684,146,-1
1052,716,117,-1
1053,771,142,1
1054,445,125,1
1055,448,155,-1
1056,880,151,-1
1057,487,71,1
1058,799,106,1
1059,33,136,-1
1060,347,174,-1
1061,94,32,1
1062,71,189,-1
1063,550,18,-1
1064,153,194,1
1065,249,73,1
1066,673,167,1
1067,437,174,-1
1068,117,192,1
1069,770,156,-1
1070,890,177,1
1071,305,97,1
1072,267,140,-1
1073,960,128,-1
1074,53,161,1
1075,235,92,1
1076,388,175,-1
1077,989,47,1
1078,733,176,-1
1079,762,63,-1
1080,824,60,1
1081,400,156,-1
1082,623,38,-1
1083,766,127,-1
1084,302,87,1
1085,918,25,-1
1086,206,16,1
1087,228,70,1
1088,852,12,1
1089,909,68,-1
1090,577,25,-1
1091,74,48,1
1092,434,194,1
1093,102,6,-1
1094,421,57,1
1095,703,48,1
1096,763,102,-1
1097,737,52,1
1098,805,192,-1
1099,305,61,-1
1100,97,16,1
1101,849,170,-1
1102,797,24,-1
1103,334,130,-1
1104,858,28,1
1105,434,116,1
1106,446,159,1
1107,993,25,-1
1108,307,123,-1
1109,248,143,1
1110,165,24,1
1111,480,53,-1
1112,983,155,1
1113,334,72,1
1114,541,119,1
1115,758,55,1
1116,105,64,1
1117,562,92,-1
1118,80,85,1
1119,132,79,1
1120,796,168,-1
1121,899,107,-1
1122,137,178,-1
1123,183,117,-1
1124,400,198,1
1125,329,156,1
1126,784,82,1
1127,507,146,1
1128,851,193,-1
1129,983,168,-1
1130,68,172,1
1131,545,14,1
1132,773,130,1
1133,52,138,1
1134,449,180,-1
1135,204,173,1
1136,125,29,-1
1137,746,56,-1
1138,42,145,-1
1139,751,178,-1
1140,970,127,1
1141,882,47,1
1142,110,193,1
1143,760,135,1
1144,662,21,-1
1145,182,5,-1
1146,847,184,-1
1147,94,103,1
1148,970,35,-1
1149,373,78,-1
1150,911,115,-1
1151,519,56,-1
1152,899,48,1
1153,359,172,-1
1154,899,81,-1
1155,695,65,1
1156,280,76,1
1157,194,44,1
1158,863,78,-1
1159,194,19,-1
1160,666,191,-1
1161,92,122,-1
1162,671,66,1
1163,945,82,-1
1164,60,2,-1
1165,633,181,1
1166,50,63,1
1167,402,39,1
1168,788,58,-1
1169,4,182,-1
1170,465,61,-1
1171,603,131,-1
1172,681,59,-1
1173,828,115,1
1174,533,74,1
1175,404,121,-1
1176,837,106,-1
1177,512,95,-1
1178,644,90,-1
1179,232,157,-1
1180,523,129,1
1181,345,61,1
1182,45,48,1
1183,545,136,-1
1184,944,91,-1
1185,77,158,1
1186,729,123,1
1187,812,60,-1
1188,922,47,1
1189,72,152,1
1190,793,163,-1
1191,248,135,1
1192,46,57,1
1193,120,100,1
1194,213,111,-1
1195,238,172,1
1196,55,61,1
1197,349,38,1
1198,106,57,-1
1199,830,98,-1
1200,47,191,1
1201,572,43,-1
1202,336,28,1
1203,25,58,-1
1204,803,70,-1
1205,256,91,1
1206,7,8,1
1207,624,126,1
1208,866,133,-1
1209,252,156,1
1210,691,185,-1
1211,718,144,-1
1212,302,143,1
1213,638,130,-1
1214,55,20,1
1215,725,63,-1
1216,525,89,1
1217,473,35,-1
1218,27,61,-1
1219,982,169,1
1220,77,75,-1
1221,215,169,1
1222,385,188,-1
1223,364,12,-1
1224,665,10,-1
1225,525,53,1
1226,698,15,1
1227,311,7,1
1228,882,103,1
1229,6,58,1
1230,2,56,-1
1231,622,39,-1
1232,918,186,1
1233,749,129,-1
1234,362,93,-1
1235,750,137,-1
1236,507,43,-1
1237,273,138,1
1238,505,79,-1
1239,805,80,1
1240,738,1,1
1241,882,177,-1
1242,14,139,1
1243,191,114,-1
1244,984,89,-1
1245,630,22,-1
1246,484,145,1
1247,27,61,1
1248,713,112,1
1249,38,127,-1
1250,952,61,-1
1251,272,37,-1
1252,230,194,1
1253,85,165,-1
1254,473,194,-1
1255,125,60,1
1256,811,128,1
1257,536,172,1
1258,144,155,-1
1259,524,148,-1
1260,211,121,-1
1261,24,109,1
1262,579,12,1
1263,393,154,1
1264,66,99,1
1265,232,134,-1
1266,108,21,-1
1267,145,73,-1
1268,110,180,-1
1269,227,131,-1
1270,110,22,-1
1271,469,118,-1
1272,33,69,-1
1273,622,83,1
1274,775,100,1
1275,935,83,-1
1276,368,160,1
1277,747,27,-1
1278,594,135,-1
1279,553,0,1
1280,424,164,-1
1281,612,62,-1
1282,517,21,-1
1283,691,69,-1
1284,281,124,-1
1285,319,148,-1
1286,737,95,-1
1287,442,162,1
1288,951,78,1
1289,314,4,-1
1290,876,59,1
1291,965,119,-1
1292,740,45,-1
1293,376,177,-1
1294,288,175,-1
1295,436,133,1
1296,661,55,1
1297,276,109,1
1298,709,186,1
1299,581,156,-1
1300,502,198,1
1301,623,103,-1
1302,515,76,-1
1303,349,145,1
1304,842,1,-1
1305,445,7,1
1306,829,74,1
1307,349,181,1
1308,606,124,1
1309,663,37,1
1310,822,175,-1
1311,136,26,1
1312,758,19,1
1313,898,139,-1
1314,242,42,1
1315,542,188,1
1316,39,30,-1
1317,228,90,-1
1318,547,60,1
1319,919,194,-1
1320,222,108,1
1321,5,90,-1
1322,321,162,1
1323,467,94,1
1324,731,142,1
1325,74,143,-1
1326,3,12,1
1327,846,112,-1
1328,645,34,1
1329,117,186,1
1330,880,148,1
1331,605,181,1
1332,503,157,1
1333,997,47,-1
1334,946,34,-1
1335,573,85,-1
1336,440,165,1
1337,193,158,1
1338,846,151,-1
1339,714,113,1
1340,391,176,1
1341,25,99,1
1342,434,159,-1
1343,172,182,-1
1344,299,185,-1
1345,644,98,-1
1346,325,2,-1
1347,409,196,1
1348,117,84,1
1349,835,124,1
1350,786,137,1
1351,723,82,-1
1352,224,24,-1
1353,531,67,1
1354,112,60,-1
1355,139,28,1
1356,558,126,1
1357,0,18,1
1358,89,170,1
1359,653,193,-1
1360,319,73,1
1361,549,60,-1
1362,804,170,1
1363,893,152,1
1364,138,19,1
1365,510,47,1
1366,867,86,-1
1367,844,151,1
1368,258,138,-1
1369,672,109,1
1370,901,182,1
1371,689,27,1
1372,9,196,-1
1373,260,190,1
1374,918,58,1
1375,649,132,1
1376,171,50,1
1377,897,148,1
1378,12,11,-1
1379,167,49,-1
1380,641,131,1
1381,595,112,1
1382,320,169,-1
1383,318,165,1
1384,612,152,-1
1385,328,13,1
1386,784,31,1
1387,776,138,-1
1388,970,188,1
1389,910,145,-1
1390,919,154,-1
1391,549,54,-1
1392,418,181,1
1393,605,119,-1
1394,94,74,-1
1395,816,20,1
1396,580,171,1
1397,317,132,1
1398,955,86,1
1399,235,168,1
1400,945,58,1
1401,333,88,-1
1402,884,181,1
1403,375,149,-1
1404,458,82,1
1405,136,64,-1
1406,929,63,-1
1407,587,70,1
1408,994,3,1
1409,546,192,-1
1410,512,142,1
1411,295,103,1
1412,319,149,-1
1413,917,174,-1
1414,571,92,-1
1415,831,173,1
1416,348,141,1
1417,839,177,1
1418,778,147,1
1419,872,177,-1
1420,228,111,1
1421,269,160,-1
1422,827,118,1
1423,797,58,1
1424,290,42,-1
1425,724,11,1
1426,164,39,1
1427,4,117,-1
1428,850,19,1
1429,378,165,-1
1430,77,130,-1
1431,409,155,-1
1432,573,183,-1
1433,131,89,1
1434,600,93,1
1435,748,12,1
1436,41,65,-1
1437,88,36,1
1438,401,176,1
1439,295,65,1
1440,839,35,1
1441,294,181,-1
1442,615,25,-1
1443,525,74,1
1444,799,199,-1
1445,690,107,1
1446,636,167,1
1447,421,42,1
1448,864,149,-1
1449,22,147,1
1450,574,7,-1
1451,142,28,-1
1452,992,39,1
1453,664,157,-1
1454,144,127,-1
1455,224,83,1
1456,502,115,-1
1457,961,182,-1
1458,973,143,1
1459,820,173,1
1460,615,61,-1
1461,103,6,1
1462,946,44,1
1463,38,186,-1
1464,946,183,-1
1465,197,175,1
1466,645,154,-1
1467,578,180,1
1468,390,87,1
1469,178,72,-1
1470,967,162,-1
1471,553,178,1
1472,447,36,1
1473,499,118,1
1474,14,56,1
1475,622,7,-1
1476,668,94,1
1477,288,116,-1
1478,477,109,-1
1479,230,19,1
1480,922,123,-1
1481,419,52,-1
1482,156,118,1
1483,549,11,-1
1484,440,176,-1
1485,96,16,1
1486,996,63,1
1487,410,41,1
1488,950,93,1
1489,288,156,1
1490,253,146,1
1491,195,10,1
1492,597,97,-1
1493,833,177,-1
1494,521,70,1
1495,516,107,-1
1496,634,57,-1
1497,841,33,1
1498,864,19,-1
1499,117,49,1
1500,805,101,-1
1501,908,137,1
1502,158,159,-1
1503,814,51,-1
1504,227,14,-1
1505,876,83,1
1506,215,130,-1
1507,947,36,-1
1508,695,125,1
1509,14,39,1
1510,156,71,-1
1511,647,39,-1
1512,260,55,-1
1513,156,150,-1
1514,46,103,1
1515,323,138,-1
1516,843,109,-1
1517,684,191,1
1518,129,135,-1
1519,410,92,-1
1520,94,93,-1
1521,626,55,1
1522,754,59,1
1523,931,137,-1
1524,291,38,-1
1525,793,27,1
1526,810,48,-1
1527,282,163,-1
1528,68,124,1
1529,659,12,1
1530,10,35,1
1531,253,100,-1
1532,841,25,-1
1533,871,85,-1
1534,549,3,-1
1535,133,81,1
1536,711,191,-1
1537,22,165,-1
1538,814,126,1
1539,345,87,1
1540,301,126,-1
1541,362,119,1
1542,395,21,1
1543,217,129,-1
1544,140,30,-1
1545,615,118,-1
1546,957,10,-1
1547,209,45,1
1548,984,95,1
1549,992,189,-1
1550,622,196,-1
1551,615,191,1
1552,827,9,-1
1553,682,167,-1
1554,459,127,-1
1555,355,151,-1
1556,323,98,1
1557,132,171,-1
1558,887,111,1
1559,804,59,-1
1560,839,189,-1
1561,126,86,1
1562,105,144,-1
1563,603,64,1
1564,798,56,-1
1565,377,182,-1
1566,904,105,-1
1567,50,180,-1
1568,28,183,-1
1569,461,8,1
1570,295,21,1
1571,296,140,-1
1572,725,88,-1
1573,778,175,1
1574,406,17,1
1575,768,114,-1
1576,813,167,-1
1577,612,144,1
1578,404,142,-1
1579,345,105,1
1580,621,14,-1
1581,419,62,1
1582,181,166,1
1583,982,12,-1
1584,824,80,1
1585,0,31,-1
1586,830,136,-1
1587,949,39,-1
1588,566,147,-1
1589,370,81,1
1590,935,76,-1
1591,910,190,-1
1592,660,75,-1
1593,430,171,-1
1594,968,37,1
1595,308,187,-1
1596,136,70,1
1597,201,47,1
1598,435,17,1
1599,312,143,-1
1600,116,182,-1
1601,665,38,-1
1602,936,195,-1
1603,802,186,1
1604,574,88,1
1605,243,61,-1
1606,536,140,-1
1607,601,108,-1
1608,74,80,-1
1609,805,133,-1
1610,385,76,-1
1611,902,187,-1
1612,209,89,1
1613,474,13,1
1614,417,94,1
1615,346,53,1
1616,528,131,-1
1617,639,38,-1
1618,938,71,-1
1619,954,24,-1
1620,875,76,-1
1621,762,159,1
1622,178,186,-1
1623,181,190,1
1624,663,165,-1
1625,24,119,1
1626,966,52,-1
1627,179,194,1
1628,709,155,-1
1629,500,130,-1
1630,855,149,-1
1631,160,95,-1
1632,176,165,1
1633,284,199,-1
1634,62,71,1
1635,661,61,-1
1636,665,184,1
1637,155,5,-1
1638,881,31,-1
1639,468,98,1
1640,48,137,-1
1641,966,130,-1
1642,848,186,1
1643,83,75,-1
1644,360,176,1
1645,688,58,-1
1646,147,30,1
1647,629,92,1
1648,341,68,1
1649,475,189,1
1650,62,51,-1
1651,700,88,-1
1652,359,126,1
1653,560,168,-1
1654,326,30,-1
1655,768,83,-1
1656,735,126,1
1657,140,149,-1
1658,989,131,-1
1659,214,12,1
1660,434,44,-1
1661,890,126,1
1662,951,169,1
1663,722,113,1
1664,317,176,-1
1665,31,19,-1
1666,669,80,1
1667,284,181,1
1668,304,163,1
1669,428,128,1
1670,476,142,1
1671,285,16,1
1672,143,151,-1
1673,423,57,1
1674,18,71,1
1675,17,108,1
1676,768,22,-1
1677,589,173,-1
1678,370,71,-1
1679,174,7,-1
1680,193,58,1
1681,501,110,-1
1682,987,186,1
1683,112,12,1
1684,113,166,1
1685,221,155,1
1686,677,188,1
1687,946,15,1
1688,830,118,-1
1689,643,1,-1
1690,896,144,-1
1691,263,29,-1
1692,924,102,-1
1693,54,12,1
1694,870,95,-1
1695,642,93,-1
1696,799,81,-1
1697,777,12,1
1698,457,170,1
1699,978,93,1
1700,877,148,-1
1701,161,111,-1
1702,379,54,-1
1703,992,80,-1
1704,86,167,-1
1705,54,115,1
1706,475,142,-1
1707,799,179,1
1708,177,107,-1
1709,390,52,1
1710,348,127,1
1711,7,179,1
1712,832,157,1
1713,312,160,-1
1714,758,56,-1
1715,834,51,-1
1716,983,136,1
1717,982,181,-1
1718,442,110,-1
1719,766,0,-1
1720,327,43,-1
1721,53,74,1
1722,760,97,1
1723,238,8,-1
1724,228,31,-1
1725,578,14,-1
1726,50,139,1
1727,608,184,1
1728,603,135,1
1729,263,71,-1
1730,417,154,1
1731,802,189,1
1732,95,11,1
1733,87,64,1
1734,77,106,1
1735,287,41,-1
1736,119,189,-1
1737,813,114,-1
1738,490,138,-1
1739,911,102,1
1740,451,170,-1
1741,499,94,-1
1742,164,16,-1
1743,181,159,1
1744,468,84,-1
1745,909,167,1
1746,734,150,1
1747,822,55,1
1748,943,133,-1
1749,977,85,1
1750,6,177,-1
1751,329,101,-1
1752,774,164,-1
1753,672,191,1
1754,150,53,1
1755,84,199,-1
1756,146,176,1
1757,623,114,1
1758,380,138,1
1759,914,87,-1
1760,547,48,1
1761,284,148,1
1762,699,114,-1
1763,81,193,1
1764,513,62,-1
1765,896,103,1
1766,814,82,1
1767,708,102,1
1768,915,155,1
1769,522,16,1
1770,745,5,1
1771,385,146,-1
1772,706,183,1
1773,470,27,1
1774,118,193,1
1775,395,37,-1
1776,531,118,-1
1777,260,36,-1
1778,804,114,1
1779,933,67,1
1780,255,176,-1
1781,733,42,-1
1782,904,163,-1
1783,225,57,1
1784,52,12,-1
1785,939,51,1
1786,866,57,1
1787,499,31,1
1788,505,104,-1
1789,853,187,1
1790,363,82,-1
1791,279,185,-1
1792,592,98,-1
1793,713,103,-1
1794,157,183,1
1795,631,27,1
1796,58,128,1
1797,726,169,1
1798,127,47,-1
1799,735,39,-1
1800,720,96,-1
1801,881,190,-1
1802,114,199,1
1803,208,113,-1
1804,525,131,1
1805,520,165,-1
1806,551,154,-1
1807,961,136,-1
1808,236,110,-1
1809,280,143,1
1810,358,183,1
1811,200,75,1
1812,757,30,1
1813,277,118,-1
1814,234,141,-1
1815,493,24,1
1816,3,33,1
1817,665,66,-1
1818,441,151,-1
1819,28,117,1
1820,108,72,1
1821,609,25,1
1822,726,147,-1
1823,804,191,1
1824,74,103,1
1825,837,9,1
1826,145,66,1
1827,127,151,1
1828,852,4,-1
1829,41,194,1
1830,355,185,-1
1831,40,26,1
1832,933,112,1
1833,33,14,1
1834,16,162,-1
1835,676,104,-1
1836,152,180,-1
1837,997,43,1
1838,377,25,1
1839,587,174,-1
1840,598,161,-1
1841,628,94,1
1842,873,177,-1
1843,341,83,1
1844,980,139,-1
1845,26,131,-1
1846,824,86,-1
1847,286,175,1
1848,645,182,1
1849,730,111,-1
1850,167,128,1
1851,609,88,1
1852,267,65,1
1853,748,157,1
1854,820,130,-1
1855,454,121,1
1856,905,148,1
1857,684,83,-1
1858,400,176,1
1859,921,115,1
1860,980,189,1
1861,475,115,-1
1862,701,37,-1
1863,633,142,1
1864,557,109,1
1865,575,179,-1
1866,129,45,-1
1867,821,24,-1
1868,362,20,1
1869,704,120,1
1870,818,121,-1
1871,692,132,1
1872,291,69,1
1873,370,112,1
1874,793,106,1
1875,28,111,1
1876,148,107,1
1877,778,46,1
1878,295,195,-1
1879,10,90,-1
1880,511,17,-1
1881,675,148,-1
1882,112,103,-1
1883,186,150,-1
1884,806,191,-1
1885,743,194,-1
1886,226,39,-1
1887,309,137,1
1888,97,88,1
1889,54,179,-1
1890,622,199,1
1891,663,60,1
1892,757,191,-1
1893,405,4,-1
1894,68,121,-1
1895,311,180,1
1896,288,54,1
1897,761,36,-1
1898,547,55,1
1899,750,186,1
1900,147,101,1
1901,466,92,-1
1902,738,196,1
1903,243,72,1
1904,490,58,1
1905,848,1,1
1906,957,192,1
1907,506,103,1
1908,364,187,1
1909,481,50,-1
1910,200,29,-1
1911,153,10,1
1912,449,107,-1
1913,500,75,1
1914,72,166,1
1915,712,89,1
1916,295,122,-1
1917,16,199,1
1918,640,190,1
1919,216,191,-1
1920,60,188,-1
1921,938,124,1
1922,615,181,-1
1923,41,121,-1
1924,24,93,1
1925,38,102,1
1926,802,185,1
1927,130,183,-1
1928,497,161,-1
1929,228,30,-1
1930,107,51,1
1931,171,88,-1
1932,434,75,-1
1933,477,128,1
1934,101,182,1
1935,865,21,1
1936,523,39,-1
1937,274,100,1
1938,612,110,-1
1939,43,128,-1
1940,954,64,1
1941,816,190,1
1942,956,181,1
1943,16,169,1
1944,329,148,1
1945,568,78,-1
1946,822,21,-1
1947,496,165,-1
1948,814,98,1
1949,11,7,-1
1950,317,189,1
1951,591,174,1
1952,215,16,-1
1953,338,16,-1
1954,775,89,1
1955,990,140,-1
1956,660,144,1
1957,80,165,-1
1958,726,80,-1
1959,484,77,-1
1960,373,172,-1
1961,975,5,-1
1962,709,162,1
1963,199,109,-1
1964,536,13,-1
1965,465,71,-1
1966,88,188,1
1967,267,142,1
1968,654,53,1
1969,570,26,1
1970,921,12,1
1971,488,158,-1
1972,876,162,-1
1973,537,59,-1
1974,46,5,1
1975,287,196,1
1976,777,57,-1
1977,15,48,1
1978,710,150,1
1979,400,161,1
1980,918,25,-1
1981,793,46,-1
1982,980,4,1
1983,85,19,1
1984,249,133,1
1985,390,197,1
1986,781,58,-1
1987,334,191,1
1988,628,145,-1
1989,518,131,-1
1990,136,16,-1
1991,882,13,1
1992,687,12,-1
1993,839,134,-1
1994,497,127,1
1995,826,43,1
1996,726,118,1
1997,476,142,-1
1998,593,18,1
1999,222,62,-1
2000,989,162,-1
2001,371,80,1
2002,934,162,-1
2003,994,146,-1
2004,401,147,-1
2005,442,99,-1
2006,489,162,1
2007,614,159,-1
2008,272,121,1
2009,525,175,-1
2010,158,43,-1
2011,151,103,1
2012,994,151,-1
2013,619,60,-1
2014,187,124,-1
2015,812,144,-1
2016,97,70,-1
2017,130,106,-1
2018,804,49,1
2019,170,64,1
2020,935,98,1
2021,985,31,-1
2022,182,163,-1
2023,982,140,-1
2024,363,197,1
2025,38,57,-1
2026,526,127,1
2027,887,141,-1
2028,496,164,-1
2029,515,111,-1
2030,348,67,1
2031,981,39,-1
2032,920,186,1
2033,396,143,-1
2034,721,189,-1
2035,160,131,1
2036,15,172,-1
2037,492,89,-1
2038,425,27,-1
2039,107,95,-1
2040,893,193,1
2041,449,30,1
2042,310,2,-1
2043,738,135,-1
2044,169,23,1
2045,545,14,-1
2046,413,170,1
2047,250,158,-1
2048,758,44,1
2049,780,193,1
2050,140,7,1
2051,273,70,1
2052,415,107,-1
2053,607,114,-1
2054,738,102,1
2055,890,124,1
2056,38,56,1
2057,813,29,1
2058,28,145,-1
2059,957,113,1
2060,476,196,1
2061,317,116,1
2062,244,166,1
2063,747,59,1
2064,696,97,1
2065,271,170,1
2066,439,125,-1
2067,747,172,1
2068,238,150,1
2069,376,196,1
2070,265,93,-1
2071,925,133,-1
2072,920,183,-1
2073,358,121,1
2074,339,107,1
2075,388,3,1
2076,576,92,-1
2077,989,150,1
2078,688,5,-1
2079,2,31,-1
2080,428,105,-1
2081,141,145,-1
2082,375,14,-1
2083,669,167,1
2084,323,121,1
2085,145,95,-1
2086,957,5,1
2087,292,111,1
2088,664,119,-1
2089,431,122,-1
2090,704,190,1
2091,948,66,1
2092,974,105,1
2093,584,138,1
2094,398,42,-1
2095,816,144,1
2096,888,95,-1
2097,343,131,-1
2098,963,190,1
2099,139,195,1
2100,186,80,1
2101,804,40,-1
2102,60,132,-1
2103,996,159,-1
2104,938,197,-1
2105,379,34,1
2106,709,21,-1
2107,806,192,-1
2108,439,149,1
2109,318,111,-1
2110,301,10,-1
2111,343,2,1
2112,10,136,-1
2113,61,59,-1
2114,844,75,-1
2115,225,86,-1
2116,152,13,1
2117,710,17,-1
2118,563,112,1
2119,771,72,-1
2120,570,22,1
2121,583,82,1
2122,659,124,1
2123,860,174,-1
2124,574,68,-1
2125,309,46,-1
2126,884,115,1
2127,242,29,-1
2128,492,24,-1
2129,365,155,-1
2130,329,111,-1
2131,106,24,1
2132,225,73,1
2133,824,57,-1
2134,217,93,-1
2135,936,118,-1
2136,752,126,1
2137,505,168,-1
2138,258,24,1
2139,887,77,1
2140,773,98,-1
2141,516,115,-1
2142,772,47,-1
2143,53,9,1
2144,46,98,1
2145,726,10,-1
2146,688,84,1
2147,520,148,-1
2148,98,172,-1
2149,19,134,1
2150,889,191,1
2151,752,125,1
2152,572,63,1
2153,890,1,-1
2154,489,75,-1
2155,418,120,-1
2156,689,41,1
2157,849,53,-1
2158,61,74,1
2159,144,15,1
2160,215,17,1
2161,2,186,-1
2162,159,89,1
2163,738,143,1
2164,997,5,1
2165,780,184,1
2166,119,107,1
2167,892,174,1
2168,88,47,1
2169,328,41,1
2170,579,75,1
2171,909,187,1
2172,356,76,1
2173,609,131,1
2174,266,129,-1
2175,616,58,-1
2176,951,154,1
2177,322,26,1
2178,634,78,1
2179,987,71,-1
2180,540,6,-1
2181,648,190,-1
2182,194,110,1
2183,920,118,1
2184,737,173,1
2185,331,62,1
2186,169,123,-1
2187,520,11,1
2188,462,140,-1
2189,39,42,-1
2190,536,16,1
2191,260,62,-1
2192,394,119,-1
2193,954,35,-1
2194,225,7,-1
2195,983,68,1
2196,123,89,1
2197,974,35,-1
2198,37,27,1
2199,327,117,-1
2200,250,92,1
2201,900,174,1
2202,175,75,1
2203,601,100,1
2204,913,157,1
2205,453,150,-1
2206,36,143,1
2207,315,13,-1
2208,687,70,-1
2209,972,179,1
2210,795,123,-1
2211,964,124,1
2212,972,36,-1
2213,592,28,-1
2214,113,194,1
2215,39,142,1
2216,300,174,1
2217,223,173,1
2218,317,179,-1
2219,348,18,1
2220,114,105,-1
2221,697,20,-1
2222,322,63,-1
2223,567,164,-1
2224,39,26,-1
2225,865,54,-1
2226,39,28,1
2227,858,147,-1
2228,972,24,-1
2229,748,69,-1
2230,288,62,1
2231,261,163,1
2232,215,129,-1
2233,146,149,1
2234,335,15,-1
2235,167,145,1
2236,91,196,-1
2237,352,181,1
2238,570,99,1
2239,570,29,1
2240,815,44,-1
2241,680,18,-1
2242,780,33,-1
2243,362,140,1
2244,556,170,1
2245,344,61,-1
2246,692,117,1
2247,169,99,-1
2248,355,21,-1
2249,190,179,-1
2250,666,179,-1
2251,421,110,1
2252,699,163,1
2253,6,72,1
2254,132,146,-1
2255,746,37,1
2256,556,69,-1
2257,825,115,-1
2258,760,78,-1
2259,30,184,-1
2260,534,147,-1
2261,425,8,-1
2262,393,31,1
2263,671,131,1
2264,362,49,1
2265,436,81,1
2266,669,4,-1
2267,550,147,-1
2268,926,86,1
2269,81,125,1
2270,355,74,1
2271,257,164,1
2272,717,21,1
2273,588,185,1
2274,988,67,1
2275,523,43,1
2276,294,33,-1
2277,961,76,-1
2278,223,41,-1
2279,524,136,-1
2280,45,105,1
2281,666,94,-1
2282,112,134,1
2283,232,67,-1
2284,16,146,1
2285,359,158,1
2286,222,127,-1
2287,865,162,-1
2288,699,184,1
2289,447,84,1
2290,855,188,1
2291,364,158,-1
2292,674,82,-1
2293,325,94,1
2294,466,180,-1
2295,413,31,1
2296,454,65,-1
2297,585,186,-1
2298,232,115,-1
2299,223,137,-1
2300,993,129,-1
2301,830,193,1
2302,411,59,1
2303,571,16,-1
2304,334,95,1
2305,221,143,1
2306,36,15,-1
2307,988,45,1
2308,277,166,-1
2309,195,158,1
2310,915,106,1
2311,863,87,1
2312,483,128,1
2313,241,138,1
2314,323,118,1
2315,730,84,1
2316,191,3,-1
2317,16,70,-1
2318,523,153,-1
2319,917,110,-1
2320,400,49,1
2321,905,139,1
2322,885,94,1
2323,704,91,-1
2324,21,64,-1
2325,473,46,-1
2326,119,180,1
2327,209,105,-1
2328,305,198,1
2329,269,129,-1
2330,703,105,1
2331,686,23,-1
2332,284,3,1
2333,715,107,-1
2334,675,18,-1
2335,762,153,1
2336,226,39,1
2337,947,49,-1
2338,380,170,1
2339,459,74,-1
2340,6,194,1
2341,28,11,-1
2342,906,194,1
2343,32,26,-1
2344,645,112,-1
2345,878,181,-1
2346,78,193,1
2347,927,48,-1
2348,946,143,1
2349,458,129,1
2350,569,59,1
2351,982,181,-1
2352,537,29,1
2353,481,83,1
2354,429,165,1
2355,737,27,-1
2356,284,24,1
2357,515,95,1
2358,976,124,1
2359,98,9,1
2360,396,187,-1
2361,488,41,-1
2362,38,39,1
2363,270,76,1
2364,886,104,1
2365,796,117,1
2366,156,41,-1
2367,74,46,-1
2368,883,164,-1
2369,799,21,-1
2370,129,184,1
2371,686,106,1
2372,973,26,-1
2373,83,40,-1
2374,21,79,1
2375,458,161,1
2376,538,159,1
2377,706,88,1
2378,848,65,1
2379,381,11,-1
2380,747,167,-1
2381,439,72,1
2382,603,75,1
2383,988,89,-1
2384,20,9,1
2385,302,95,-1
2386,975,175,-1
2387,868,19,-1
2388,954,38,-1
2389,83,59,1
2390,773,65,1
2391,658,64,-1
2392,952,178,1
2393,452,123,1
2394,386,163,1
2395,506,151,1
2396,256,154,-1
2397,569,129,1
2398,891,158,-1
2399,933,56,-1
2400,526,77,1
2401,161,193,-1
2402,956,28,1
2403,162,14,1
2404,831,11,-1
2405,792,100,1
2406,791,155,-1
2407,523,83,-1
2408,785,124,1
2409,270,102,1
2410,491,23,1
2411,207,148,-1
2412,538,137,1
2413,583,109,-1
2414,59,77,-1
2415,429,100,1
2416,984,145,1
2417,656,141,1
2418,604,161,-1
2419,308,127,1
2420,519,57,-1
2421,590,75,1
2422,26,149,1
2423,685,197,-1
2424,561,35,-1
2425,198,172,1
2426,386,163,1
2427,348,21,1
2428,959,126,1
2429,939,79,1
2430,692,188,-1
2431,535,99,-1
2432,827,183,-1
2433,377,95,-1
2434,898,160,1
2435,915,172,-1
2436,557,163,-1
2437,526,147,-1
2438,152,17,1
2439,733,37,-1
2440,205,194,1
2441,454,150,-1
2442,272,108,1
2443,893,122,-1
2444,235,143,1
2445,851,186,-1
2446,739,196,1
2447,520,195,1
2448,677,148,-1
2449,943,103,1
2450,955,197,1
2451,830,139,-1
2452,725,143,-1
2453,500,80,1
2454,116,86,-1
2455,385,141,-1
2456,343,60,-1
2457,583,198,1
2458,394,45,1
2459,63,31,1
2460,716,14,1
2461,720,43,1
2462,71,144,1
2463,788,168,1
2464,273,53,-1
2465,989,43,1
2466,319,97,1
2467,337,4,-1
2468,365,108,-1
2469,494,26,-1
2470,606,115,1
2471,165,86,-1
2472,543,103,1
2473,10,122,1
2474,300,78,1
2475,728,42,-1
2476,800,96,-1
2477,101,30,1
2478,424,98,1
2479,391,16,1
2480,778,82,-1
2481,213,109,1
2482,690,181,-1
2483,87,189,1
2484,552,31,-1
2485,400,167,1
2486,587,140,-1
2487,888,34,-1
2488,45,132,-1
2489,671,28,-1
2490,462,69,-1
2491,591,152,-1
2492,309,94,1
2493,85,21,1
2494,91,193,1
2495,659,172,1
2496,672,68,-1
2497,713,88,1
2498,935,71,-1
2499,927,128,-1
2500,241,171,-1
2501,864,86,1
2502,1,95,-1
2503,224,74,1
2504,800,166,1
2505,744,53,1
2506,972,87,1
2507,925,156,1
2508,928,53,-1
2509,588,15,-1
2510,115,98,1
2511,665,19,-1
2512,917,45,1
2513,102,194,-1
2514,193,192,-1
2515,165,126,-1
2516,870,57,-1
2517,89,180,-1
2518,685,110,-1
2519,121,128,-1
2520,142,80,-1
2521,993,193,-1
2522,105,156,-1
2523,886,83,-1
2524,427,69,-1
2525,304,7,-1
2526,871,28,1
2527,970,111,-1
2528,316,178,-1
2529,962,160,-1
2530,634,130,-1
2531,901,187,-1
2532,8,162,-1
2533,773,196,1
2534,72,107,1
2535,358,108,1
2536,222,19,-1
2537,415,72,-1
2538,552,166,-1
2539,369,3,1
2540,715,18,-1
2541,263,101,-1
2542,839,172,1
2543,689,170,1
2544,859,140,-1
2545,317,140,-1
2546,83,187,-1
2547,317,184,-1
2548,110,85,1
2549,250,51,-1
2550,382,110,-1
2551,6,180,1
2552,458,108,-1
2553,83,85,-1
2554,207,42,1
2555,899,199,1
2556,389,199,-1
2557,313,41,1
2558,21,89,1
2559,409,114,-1
2560,894,25,1
2561,514,150,-1
2562,126,42,-1
2563,808,76,-1
2564,699,155,-1
2565,873,136,1
2566,13,19,-1
2567,970,183,-1
2568,977,38,-1
2569,11,178,-1
2570,86,11,1
2571,523,182,1
2572,908,10,1
2573,536,153,-1
2574,300,41,1
2575,242,154,1
2576,121,10,-1
2577,146,37,1
2578,566,97,-1
2579,749,170,1
2580,355,18,1
2581,684,191,1
2582,903,133,1
2583,732,173,-1
2584,630,115,-1
2585,308,112,1
2586,694,169,-1
2587,287,64,1
2588,306,98,1
2589,811,71,1
2590,593,186,1
2591,965,51,1
2592,913,117,1
2593,722,174,-1
2594,661,119,-1
2595,548,6,1
2596,351,10,-1
2597,311,102,1
2598,872,60,-1
2599,58,67,-1
2600,642,152,-1
2601,923,139,1
2602,713,153,-1
2603,754,101,1
2604,34,109,1
2605,444,139,1
2606,92,170,-1
2607,949,50,-1
2608,958,116,-1
2609,206,164,1
2610,352,45,1
2611,902,52,-1
2612,331,87,1
2613,816,120,-1
2614,861,12,-1
2615,724,88,-1
2616,158,124,-1
2617,953,117,1
2618,956,53,-1
2619,23,184,-1
2620,403,115,-1
2621,804,117,-1
2622,515,3,-1
2623,731,74,-1
2624,363,48,-1
2625,381,6,1
2626,531,109,1
2627,955,121,1
2628,151,10,1
2629,561,91,-1
2630,688,181,1
2631,946,172,1
2632,607,22,1
2633,616,27,-1
2634,419,110,1
2635,249,56,1
2636,116,25,-1
2637,865,152,1
2638,511,53,-1
2639,739,28,1
2640,577,96,-1
2641,334,163,1
2642,417,13,1
2643,931,77,1
2644,773,34,-1
2645,294,29,1
2646,937,91,-1
2647,754,16,-1
2648,370,194,-1
2649,185,157,-1
2650,245,92,1
2651,636,172,1
2652,267,78,1
2653,642,109,-1
2654,236,178,1
2655,529,101,-1
2656,551,105,-1
2657,20,46,-1
2658,910,180,1
2659,736,63,1
2660,866,165,-1
2661,793,63,1
2662,519,86,1
2663,99,6,-1
2664,751,21,-1
2665,477,80,1
2666,598,168,-1
2667,297,73,-1
2668,939,137,1
2669,525,184,1
2670,333,134,-1
2671,1,124,1
2672,374,49,-1
2673,292,51,-1
2674,836,160,1
2675,933,0,-1
2676,552,180,-1
2677,317,187,-1
2678,501,161,1
2679,827,3,1
2680,380,144,1
2681,622,131,-1
2682,13,170,-1
2683,503,3,1
2684,230,0,1
2685,984,70,1
2686,83,177,-1
2687,129,188,1
2688,742,34,-1
2689,837,7,1
2690,144,151,-1
2691,890,35,-1
2692,856,177,1
2693,27,122,-1
2694,65,42,1
2695,162,26,-1
2696,228,31,-1
2697,260,77,1
2698,448,120,-1
2699,423,145,1
2700,459,155,1
2701,951,156,1
2702,675,15,-1
2703,300,98,-1
2704,918,46,-1
2705,302,186,1
2706,286,30,1
2707,394,3,-1
2708,9,164,-1
2709,706,16,1
2710,629,38,-1
2711,269,47,1
2712,591,173,-1
2713,969,175,1
2714,604,38,-1
2715,777,131,-1
2716,843,29,1
2717,861,157,1
2718,360,21,1
2719,256,65,-1
2720,132,107,1
2721,275,11,1
2722,775,35,-1
2723,682,17,1
2724,971,89,1
2725,512,180,1
2726,312,198,-1
2727,575,0,-1
2728,885,126,-1
2729,979,185,1
2730,283,89,-1
2731,120,86,1
2732,106,89,1
2733,932,133,1
2734,686,69,-1
2735,996,43,-1
2736,203,199,1
2737,164,151,1
2738,304,85,-1
2739,496,18,-1
2740,631,100,-1
2741,555,145,1
2742,823,94,-1
2743,155,100,-1
2744,366,29,-1
2745,718,169,1
2746,901,32,-1
2747,619,11,1
2748,250,117,1
2749,956,93,1
2750,915,154,-1
2751,881,166,-1
2752,333,136,-1
2753,641,148,1
2754,968,75,-1
2755,510,28,1
2756,292,160,-1
2757,19,189,-1
2758,281,116,-1
2759,796,14,-1
2760,0,1,1
2761,118,179,1
2762,34,116,1
2763,197,171,1
2764,484,181,-1
2765,756,17,1
2766,58,2,1
2767,836,134,1
2768,160,170,-1
2769,690,165,1
2770,205,164,1
2771,11,185,-1
2772,489,160,-1
2773,275,107,1
2774,692,186,1
2775,241,94,-1
2776,215,121,1
2777,250,10,-1
2778,810,67,1
2779,125,122,1
2780,993,195,1
2781,216,112,1
2782,305,97,1
2783,796,92,-1
2784,184,21,-1
2785,38,193,1
2786,222,171,1
2787,183,126,1
2788,494,133,-1
2789,426,169,-1
2790,177,24,-1
2791,918,184,-1
2792,427,84,-1
2793,293,54,-1
2794,851,143,-1
2795,150,94,-1
2796,383,141,1
2797,637,166,-1
2798,812,155,-1
2799,307,178,-1
2800,335,118,-1
2801,945,176,1
2802,745,8,-1
2803,891,185,1
2804,374,172,1
2805,7,149,1
2806,340,159,-1
2807,128,196,-1
2808,775,196,-1
2809,668,41,1
2810,351,52,1
2811,357,186,1
2812,516,73,1
2813,494,38,-1
2814,85,121,-1
2815,174,14,-1
2816,801,198,1
2817,192,156,1
2818,310,122,-1
2819,118,110,-1
2820,217,130,1
2821,426,82,-1
2822,969,9,-1
2823,413,91,1
2824,113,28,1
2825,977,34,1
2826,144,5,-1
2827,537,139,1
2828,647,110,-1
2829,302,37,-1
2830,743,76,1
2831,880,92,-1
2832,587,146,1
2833,986,66,1
2834,839,135,-1
2835,344,7,-1
2836,813,121,1
2837,963,83,1
2838,800,174,1
2839,0,131,1
2840,146,178,1
2841,286,84,1
2842,975,194,-1
2843,653,44,-1
2844,52,135,-1
2845,303,86,-1
2846,68,15,1
2847,360,76,-1
2848,601,194,-1
2849,957,8,1
2850,219,59,-1
2851,961,77,1
2852,703,76,1
2853,965,70,1
2854,574,14,1
2855,584,70,1
2856,160,101,-1
2857,680,168,-1
2858,88,21,-1
2859,687,151,1
2860,780,112,-1
2861,584,171,-1
2862,756,0,-1
2863,588,9,-1
2864,158,109,1
2865,488,199,-1
2866,970,183,1
2867,323,112,1
2868,609,49,-1
2869,380,11,1
2870,101,88,1
2871,493,187,1
2872,643,153,1
2873,613,111,1
2874,18,77,1
2875,453,168,1
2876,481,163,-1
2877,593,120,-1
2878,396,22,1
2879,278,170,1
2880,850,133,-1
2881,364,196,-1
2882,330,170,-1
2883,640,24,-1
2884,343,17,1
2885,821,189,1
2886,454,140,-1
2887,600,42,-1
2888,724,77,-1
2889,654,27,-1
2890,64,145,1
2891,75,58,-1
2892,710,187,-1
2893,142,62,-1
2894,916,184,1
2895,914,91,1
2896,827,178,1
2897,604,55,-1
2898,472,154,-1
2899,416,159,-1
2900,304,110,1
2901,735,136,1
2902,496,67,-1
2903,290,45,-1
2904,939,66,1
2905,101,153,-1
2906,985,135,-1
2907,266,5,-1
2908,866,23,1
2909,967,175,-1
2910,621,93,-1
2911,973,172,-1
2912,841,12,-1
2913,961,196,1
2914,941,24,1
2915,776,147,1
2916,2,117,-1
2917,84,81,1
2918,793,110,-1
2919,327,81,1
2920,815,65,-1
2921,449,44,1
2922,453,113,1
2923,923,174,1
2924,628,62,-1
2925,220,75,-1
2926,153,113,-1
2927,664,110,1
2928,11,182,-1
2929,132,146,-1
2930,993,34,-1
2931,303,52,-1
2932,292,25,-1
2933,974,13,-1
2934,299,117,1
2935,739,44,1
2936,782,171,-1
2937,42,192,1
2938,943,50,1
2939,342,170,-1
2940,325,118,-1
2941,813,150,1
2942,497,183,-1
2943,363,18,1
2944,890,81,1
2945,426,75,1
2946,20,182,-1
2947,406,91,1
2948,618,187,-1
2949,335,186,-1
2950,814,32,-1
2951,116,146,-1
2952,123,27,-1
2953,398,122,1
2954,792,179,-1
2955,803,125,-1
2956,714,176,-1
2957,50,36,-1
2958,782,153,-1
2959,323,98,1
2960,788,97,-1
2961,140,126,-1
2962,469,167,1
2963,786,79,-1
2964,801,37,1
2965,333,76,1
2966,892,125,1
2967,963,86,1
2968,372,53,-1
2969,563,149,-1
2970,493,15,1
2971,538,27,1
2972,668,162,-1
2973,750,187,1
2974,155,172,1
2975,290,45,1
2976,647,71,-1
2977,143,182,1
2978,105,84,-1
2979,419,25,-1
2980,669,84,-1
2981,657,152,1
2982,1,64,1
2983,944,133,-1
2984,588,150,-1
2985,643,114,-1
2986,89,63,1
2987,344,86,1
2988,349,170,-1
2989,458,106,-1
2990,262,150,1
2991,350,95,-1
2992,107,157,1
2993,585,76,1
2994,38,145,-1
2995,908,86,-1
2996,158,148,1
2997,582,56,1
2998,958,102,1
2999,311,150,1
3000,240,90,1
3001,937,44,-1
3002,444,171,1
3003,297,87,1
3004,951,114,1
3005,35,46,-1
3006,83,167,-1
3007,451,178,1
3008,885,169,1
3009,774,134,-1
3010,821,49,-1
3011,384,175,-1
3012,171,83,-1
3013,375,90,1
3014,684,133,-1
3015,361,90,1
3016,558,136,1
3017,890,108,-1
3018,140,56,-1
3019,886,30,-1
3020,917,20,-1
3021,117,89,1
3022,276,39,1
3023,725,111,1
3024,219,44,-1
3025,904,76,1
3026,25,176,-1
3027,520,86,1
3028,782,147,-1
3029,9,100,1
3030,983,116,1
3031,377,91,-1
3032,632,144,1
3033,636,27,1
3034,681,168,-1
3035,583,193,-1
3036,151,24,-1
3037,719,57,-1
3038,48,40,-1
3039,153,133,1
3040,858,74,-1
3041,292,37,1
3042,579,133,1
3043,49,172,-1
3044,663,74,1
3045,530,141,1
3046,611,65,-1
3047,59,167,1
3048,166,2,-1
3049,201,116,-1
3050,856,98,-1
3051,145,151,1
3052,914,18,1
3053,675,145,1
3054,969,191,1
3055,992,115,-1
3056,438,124,1
3057,241,87,-1
3058,580,34,1
3059,686,189,1
3060,560,0,1
3061,482,152,1
3062,107,172,1
3063,225,176,-1
3064,672,125,1
3065,630,88,1
3066,660,143,1
3067,976,146,1
3068,661,150,-1
3069,431,24,1
3070,804,15,-1
3071,654,181,1
3072,418,72,-1
3073,987,128,-1
3074,454,41,-1
3075,159,146,-1
3076,522,161,-1
3077,649,79,1
3078,968,103,-1
3079,589,182,1
3080,76,145,-1
3081,508,33,-1
3082,440,88,1
3083,253,124,-1
3084,920,44,-1
3085,769,133,-1
3086,319,20,-1
3087,802,121,1
3088,262,69,-1
3089,596,95,-1
3090,657,104,1
3091,834,47,1
3092,553,38,-1
3093,373,30,-1
3094,636,9,1
3095,166,29,-1
3096,936,17,1
3097,752,187,-1
3098,458,87,1
3099,998,124,1
3100,279,72,1
3101,699,14,-1
3102,301,3,-1
3103,530,190,-1
3104,579,167,-1
3105,217,8,1
3106,101,108,1
3107,553,136,1
3108,287,153,-1
3109,166,131,-1
3110,620,15,-1
3111,35,142,1
3112,743,98,-1
3113,740,120,-1
3114,352,51,1
3115,675,68,1
3116,898,4,-1
3117,72,19,1
3118,647,78,-1
3119,352,145,1
3120,890,110,1
3121,69,1,1
3122,424,92,-1
3123,998,12,-1
3124,707,3,-1
3125,780,169,1
3126,560,108,1
3127,827,73,1
3128,641,188,1
3129,955,94,-1
3130,516,104,-1
3131,427,7,-1
3132,538,66,1
3133,159,190,1
3134,148,109,-1
3135,775,8,1
3136,229,116,-1
3137,711,10,1
3138,561,98,1
3139,66,41,-1
3140,811,140,-1
3141,380,163,1
3142,57,119,-1
3143,258,140,-1
3144,341,11,1
3145,837,36,1
3146,129,73,1
3147,726,72,-1
3148,171,51,1
3149,769,198,1
3150,613,129,1
3151,208,55,1
3152,802,59,1
3153,353,22,-1
3154,470,102,1
3155,797,39,1
3156,115,63,-1
3157,263,84,1
3158,661,150,1
3159,811,156,-1
3160,441,178,1
3161,547,196,-1
3162,452,88,1
3163,844,30,-1
3164,476,177,-1
3165,286,19,1
3166,302,182,-1
3167,310,129,-1
3168,207,152,1
3169,617,12,1
3170,445,121,-1
3171,669,102,1
3172,632,105,-1
3173,54,118,-1
3174,911,69,1
3175,11,194,1
3176,656,185,-1
3177,399,98,1
3178,907,81,1
3179,647,74,-1
3180,979,117,-1
3181,514,83,-1
3182,655,191,-1
3183,541,68,-1
3184,236,58,-1
3185,278,187,1
3186,347,125,-1
3187,626,110,1
3188,103,61,1
3189,629,143,-1
3190,516,127,1
3191,979,104,-1
3192,871,67,1
3193,247,14,-1
3194,363,182,-1
3195,320,34,-1
3196,632,182,-1
3197,285,13,1
3198,148,176,1
3199,83,101,1
3200,965,99,1
3201,405,6,1
3202,977,29,-1
3203,455,48,-1
3204,742,143,-1
3205,799,110,-1
3206,160,178,-1
3207,783,71,1
3208,459,79,-1
3209,549,82,-1
3210,499,41,1
3211,737,16,1
3212,508,190,-1
3213,653,172,-1
3214,803,6,1
3215,480,154,-1
3216,662,9,-1
3217,113,33,-1
3218,748,35,1
3219,577,152,-1
3220,360,5,-1
3221,340,151,1
3222,769,145,1
3223,986,133,1
3224,760,28,-1
3225,968,125,1
3226,448,152,-1
3227,842,182,1
3228,834,80,-1
3229,179,173,1
3230,701,151,-1
3231,406,74,-1
3232,665,25,1
3233,195,126,1
3234,465,114,-1
3235,310,125,1
3236,261,27,-1
3237,418,130,1
3238,405,74,1
3239,938,165,-1
3240,142,188,1
3241,341,77,1
3242,315,178,-1
3243,100,89,-1
3244,243,175,1
3245,489,20,-1
3246,11,53,1
3247,238,183,1
3248,560,102,-1
3249,41,58,-1
3250,677,71,-1
3251,593,178,-1
3252,428,19,-1
3253,802,111,-1
3254,157,58,1
3255,215,70,1
3256,669,136,-1
3257,461,108,1
3258,133,128,1
3259,66,156,1
3260,847,190,1
3261,6,199,-1
3262,947,55,1
3263,525,195,1
3264,72,34,-1
3265,398,122,-1
3266,404,130,-1
3267,674,103,-1
3268,577,6,1
3269,858,26,-1
3270,129,0,1
3271,930,198,1
3272,465,171,-1
3273,205,86,-1
3274,787,40,-1
3275,977,122,-1
3276,767,74,-1
3277,265,41,-1
3278,536,116,1
3279,961,160,1
3280,792,177,1
3281,252,62,1
3282,821,164,-1
3283,288,186,-1
3284,163,126,1
3285,94,175,1
3286,781,132,1
3287,832,47,-1
3288,109,2,-1
3289,335,115,-1
3290,821,174,1
3291,237,189,1
3292,380,98,-1
3293,435,115,-1
3294,898,13,1
3295,482,190,1
3296,936,111,-1
3297,901,60,1
3298,24,158,-1
3299,652,94,-1
3300,116,16,1
3301,481,123,1
3302,391,23,1
3303,916,115,-1
3304,993,150,1
3305,963,81,1
3306,536,49,-1
3307,78,78,-1
3308,579,78,1
3309,172,69,-1
3310,955,26,-1
3311,11,14,-1
3312,799,49,1
3313,127,35,1
3314,607,7,-1
3315,91,78,-1
3316,652,130,-1
3317,542,189,1
3318,845,46,-1
3319,531,104,-1
3320,657,97,1
3321,988,95,-1
3322,827,188,1
3323,446,159,1
3324,389,115,1
3325,671,12,-1
3326,860,0,-1
3327,42,33,1
3328,253,189,-1
3329,129,78,1
3330,59,77,-1
3331,662,120,1
3332,466,92,1
3333,286,97,-1
3334,516,81,-1
3335,466,198,-1
3336,929,158,-1
3337,777,191,1
3338,344,152,1
3339,641,37,-1
3340,381,13,-1
3341,778,135,1
3342,689,90,-1
3343,252,53,-1
3344,926,129,-1
3345,55,100,-1
3346,462,88,1
3347,456,55,1
3348,982,93,-1
3349,82,92,1
3350,904,83,-1
3351,98,84,-1
3352,148,188,-1
3353,328,21,1
3354,155,34,1
3355,189,15,1
3356,493,49,1
3357,882,121,1
3358,262,127,-1
3359,79,112,-1
3360,399,170,1
3361,763,16,1
3362,608,79,1
3363,259,185,-1
3364,771,129,1
3365,614,131,-1
3366,551,84,-1
3367,784,166,1
3368,100,93,-1
3369,358,133,-1
3370,379,80,1
3371,819,68,-1
3372,220,68,1
3373,819,147,-1
3374,419,191,1
3375,123,15,1
3376,421,50,-1
3377,230,104,1
3378,689,164,-1
3379,62,196,-1
3380,484,169,1
3381,627,184,-1
3382,702,65,1
3383,573,8,-1
3384,767,106,-1
3385,482,99,1
3386,518,85,-1
3387,154,63,-1
3388,91,21,-1
3389,981,161,-1
3390,525,182,-1
3391,454,156,-1
3392,740,165,-1
3393,597,109,-1
3394,644,96,1
3395,509,17,-1
3396,182,70,-1
3397,385,192,1
3398,573,126,1
3399,730,96,1
3400,404,0,-1
3401,245,131,1
3402,741,3,1
3403,590,124,-1
3404,660,81,-1
3405,649,26,1
3406,470,170,1
3407,825,58,-1
3408,887,31,-1
3409,422,160,-1
3410,900,27,-1
3411,64,105,-1
3412,12,104,1
3413,212,182,-1
3414,985,187,-1
3415,241,69,-1
3416,492,61,-1
3417,212,33,-1
3418,692,86,1
3419,337,113,-1
3420,996,105,1
3421,172,55,-1
3422,671,112,1
3423,163,12,1
3424,464,183,-1
3425,994,17,-1
3426,496,181,-1
3427,699,112,-1
3428,394,170,-1
3429,702,38,1
3430,916,188,-1
3431,307,169,-1
3432,767,78,1
3433,182,145,-1
3434,628,150,1
3435,793,181,-1
3436,509,29,1
3437,707,97,-1
3438,545,57,1
3439,563,195,1
3440,623,66,-1
3441,763,70,-1
3442,593,145,-1
3443,743,105,1
3444,226,6,1
3445,744,39,1
3446,732,69,-1
3447,435,192,-1
3448,924,67,1
3449,421,48,-1
3450,553,51,1
3451,20,113,-1
3452,553,106,-1
3453,396,28,1
3454,624,148,-1
3455,104,77,-1
3456,191,8,-1
3457,16,174,-1
3458,119,75,-1
3459,392,41,1
3460,424,178,-1
3461,128,183,1
3462,129,178,-1
3463,571,197,-1
3464,559,127,1
3465,28,19,1
3466,96,154,-1
3467,9,165,-1
3468,241,71,1
3469,825,64,1
3470,955,181,1
3471,231,112,1
3472,788,23,-1
3473,283,127,-1
3474,714,174,-1
3475,758,198,-1
3476,801,82,-1
3477,775,62,1
3478,954,184,1
3479,725,182,1
3480,199,59,-1
3481,944,98,1
3482,78,61,-1
3483,912,29,-1
3484,955,21,-1
3485,854,125,1
3486,855,156,-1
3487,172,168,-1
3488,466,41,1
3489,580,97,-1
3490,415,192,1
3491,939,30,-1
3492,448,157,1
3493,86,111,-1
3494,100,145,-1
3495,7,121,1
3496,844,16,-1
3497,199,37,1
3498,504,141,-1
3499,86,109,1
3500,42,183,-1
3501,384,21,-1
3502,620,194,-1
3503,434,55,1
3504,407,118,1
3505,482,146,1
3506,663,56,1
3507,16,171,1
3508,644,34,-1
3509,147,113,-1
3510,276,124,-1
3511,231,128,-1
3512,825,51,-1
3513,926,84,1
3514,365,197,-1
3515,227,164,1
3516,650,64,-1
3517,435,178,1
3518,398,128,1
3519,210,20,1
3520,390,180,-1
3521,498,15,-1
3522,539,122,-1
3523,562,60,-1
3524,490,53,1
3525,441,167,1
3526,260,25,1
3527,772,79,1
3528,349,64,-1
3529,351,99,1
3530,519,73,-1
3531,319,191,1
3532,137,170,1
3533,549,16,1
3534,622,120,-1
3535,991,186,-1
3536,367,22,1
3537,219,134,1
3538,336,171,1
3539,222,180,-1
3540,647,70,-1
3541,767,107,-1
3542,359,78,1
3543,920,161,-1
3544,328,45,1
3545,961,195,-1
3546,462,77,1
3547,945,15,1
3548,962,70,-1
3549,560,95,1
3550,803,146,1
3551,381,1,1
3552,835,9,-1
3553,589,177,1
3554,616,124,-1
3555,168,80,-1
3556,216,139,1
3557,377,69,-1
3558,118,149,1
3559,189,31,-1
3560,766,104,1
3561,369,83,-1
3562,777,128,1
3563,148,181,1
3564,675,57,1
3565,651,197,1
3566,858,145,-1
3567,487,133,-1
3568,769,44,1
3569,373,96,-1
3570,780,22,1
3571,692,22,1
3572,159,153,-1
3573,350,134,-1
3574,911,78,1
3575,287,43,-1
3576,287,26,1
3577,891,25,-1
3578,225,96,-1
3579,522,35,-1
3580,521,108,-1
3581,782,54,-1
3582,272,191,1
3583,935,184,-1
3584,401,68,-1
3585,182,60,1
3586,968,129,1
3587,664,54,1
3588,487,121,-1
3589,826,96,-1
3590,845,79,1
3591,123,86,1
3592,984,37,1
3593,625,118,1
3594,789,77,-1
3595,413,156,-1
3596,979,153,-1
3597,724,34,-1
3598,171,78,-1
3599,287,66,1
3600,434,86,-1
3601,685,156,1
3602,112,33,1
3603,887,96,1
3604,916,168,-1
3605,994,168,1
3606,121,150,-1
3607,543,70,1
3608,221,2,-1
3609,630,57,1
3610,38,31,-1
3611,496,30,1
3612,779,81,1
3613,232,42,1
3614,942,134,1
3615,529,104,-1
3616,148,0,-1
3617,396,60,-1
3618,660,13,1
3619,637,179,1
3620,903,5,1
3621,301,102,1
3622,359,9,1
3623,237,70,1
3624,646,89,-1
3625,662,157,-1
3626,235,148,-1
3627,735,125,-1
3628,202,187,-1
3629,255,96,-1
3630,597,73,-1
3631,661,114,-1
3632,234,190,1
3633,344,169,1
3634,533,50,1
3635,859,191,1
3636,796,55,1
3637,780,40,1
3638,465,31,1
3639,769,14,-1
3640,540,61,-1
3641,212,154,1
3642,462,27,-1
3643,435,63,-1
3644,282,186,-1
3645,561,185,-1
3646,606,129,-1
3647,462,126,1
3648,406,35,-1
3649,87,113,1
3650,43,198,1
3651,460,12,1
3652,277,14,-1
3653,682,88,1
3654,420,187,1
3655,700,21,1
3656,352,190,1
3657,695,73,-1
3658,514,24,1
3659,702,100,1
3660,629,175,1
3661,18,170,1
3662,22,116,-1
3663,412,165,1
3664,29,40,1
3665,806,172,1
3666,107,87,1
3667,366,167,1
3668,280,109,1
3669,127,119,-1
3670,228,96,1
3671,110,144,-1
3672,135,56,-1
3673,361,129,1
3674,185,95,-1
3675,655,120,1
3676,583,61,-1
3677,128,136,1
3678,875,67,-1
3679,260,80,-1
3680,514,16,1
3681,448,116,-1
3682,899,49,-1
3683,103,111,-1
3684,482,93,-1
3685,223,167,-1
3686,831,185,1
3687,873,84,-1
3688,865,148,-1
3689,490,145,1
3690,472,182,1
3691,9,156,1
3692,404,151,-1
3693,895,73,-1
3694,301,108,-1
3695,230,144,-1
3696,730,17,1
3697,922,41,1
3698,65,100,-1
3699,936,44,-1
3700,111,81,-1
3701,12,16,-1
3702,392,72,1
3703,499,13,1
3704,931,176,-1
3705,597,156,1
3706,233,131,-1
3707,601,81,-1
3708,313,147,1
3709,565,119,-1
3710,11,119,1
3711,208,46,-1
3712,973,106,1
3713,13,107,-1
3714,632,8,1
3715,417,78,-1
3716,436,154,-1
3717,376,14,1
3718,19,18,-1
3719,586,89,1
3720,911,179,1
3721,754,25,-1
3722,734,153,-1
3723,69,153,-1
3724,823,173,-1
3725,210,91,1
3726,100,176,-1
3727,697,81,-1
3728,131,180,-1
3729,622,130,1
3730,380,193,-1
3731,131,41,1
3732,19,18,-1
3733,905,16,1
3734,535,160,-1
3735,226,75,-1
3736,153,176,1
3737,804,183,-1
3738,741,62,-1
3739,468,130,-1
3740,821,106,1
3741,999,48,-1
3742,870,54,1
3743,404,153,1
3744,201,98,1
3745,37,199,-1
3746,941,51,1
3747,771,99,1
3748,187,116,-1
3749,56,117,1
3750,940,6,1
3751,19,45,-1
3752,272,45,-1
3753,118,99,1
3754,582,143,-1
3755,515,151,-1
3756,220,188,-1
3757,525,53,1
3758,514,61,1
3759,727,128,-1
3760,740,48,1
3761,335,24,-1
3762,697,9,-1
3763,54,117,-1
3764,499,143,-1
3765,899,185,-1
3766,887,199,1
3767,765,156,1
3768,535,91,1
3769,161,133,1
3770,669,143,-1
3771,593,147,-1
3772,914,79,1
3773,158,70,1
3774,187,77,-1
3775,59,42,-1
3776,914,153,-1
3777,816,89,1
3778,318,77,-1
3779,877,198,-1
3780,210,160,1
3781,405,25,1
3782,663,120,1
3783,108,44,-1
3784,75,62,-1
3785,541,194,1
3786,313,179,-1
3787,997,67,-1
3788,116,153,-1
3789,926,1,1
3790,867,141,1
3791,703,107,-1
3792,18,29,-1
3793,431,48,-1
3794,684,139,-1
3795,739,43,1
3796,349,160,1
3797,182,12,-1
3798,112,77,-1
3799,182,125,1
3800,480,97,-1
3801,145,25,1
3802,830,148,-1
3803,627,155,1
3804,112,47,-1
3805,762,167,-1
3806,475,65,1
3807,762,86,1
3808,302,78,-1
3809,970,22,-1
3810,824,80,1
3811,117,47,1
3812,812,123,-1
3813,160,129,-1
3814,400,83,1
3815,197,19,1
3816,259,186,1
3817,659,45,1
3818,751,130,1
3819,46,182,-1
3820,986,11,-1
3821,398,39,1
3822,709,65,-1
3823,558,99,-1
3824,77,77,1
3825,123,15,-1
3826,74,82,-1
3827,870,161,-1
3828,136,43,1
3829,601,133,1
3830,399,191,-1
3831,836,99,-1
3832,504,21,-1
3833,499,17,-1
3834,572,11,-1
3835,137,179,-1
3836,49,122,1
3837,770,116,-1
3838,972,50,-1
3839,618,70,1
3840,624,47,-1
3841,861,18,-1
3842,253,5,-1
3843,629,83,-1
3844,709,154,1
3845,848,52,-1
3846,876,106,1
3847,562,100,-1
3848,756,47,-1
3849,914,134,1
3850,425,186,-1
3851,546,68,1
3852,301,10,1
3853,921,142,1
3854,580,191,-1
3855,348,130,-1
3856,831,121,-1
3857,932,68,-1
3858,979,22,1
3859,48,180,-1
3860,916,36,-1
3861,73,8,1
3862,703,14,1
3863,260,130,-1
3864,355,92,1
3865,581,197,1
3866,601,16,1
3867,259,153,1
3868,637,148,1
3869,742,71,-1
3870,294,148,-1
3871,930,120,-1
3872,640,10,-1
3873,791,165,-1
3874,312,71,-1
3875,611,105,-1
3876,837,124,1
3877,808,34,-1
3878,181,118,-1
3879,685,13,-1
3880,827,13,1
3881,363,9,-1
3882,187,139,-1
3883,568,37,1
3884,542,107,-1
3885,595,118,-1
3886,663,33,1
3887,984,168,-1
3888,547,9,1
3889,724,121,-1
3890,925,144,-1
3891,407,144,-1
3892,875,194,1
3893,617,189,1
3894,413,114,1
3895,341,0,-1
3896,219,11,-1
3897,902,102,1
3898,162,3,1
3899,950,169,-1
3900,219,140,-1
3901,269,97,-1
3902,631,105,-1
3903,905,84,1
3904,847,120,-1
3905,399,131,-1
3906,181,81,-1
3907,990,196,-1
3908,617,18,-1
3909,728,129,-1
3910,204,11,-1
3911,581,80,1
3912,555,73,1
3913,840,97,1
3914,812,5,-1
3915,227,135,1
3916,695,124,-1
3917,618,50,-1
3918,595,10,-1
3919,849,190,-1
3920,249,184,1
3921,874,126,-1
3922,440,139,-1
3923,532,72,1
3924,195,1,1
3925,689,7,1
3926,928,138,-1
3927,986,123,1
3928,518,52,-1
3929,69,9,-1
3930,638,111,1
3931,398,7,1
3932,977,35,1
3933,671,105,-1
3934,759,13,-1
3935,202,181,-1
3936,147,85,-1
3937,471,148,-1
3938,654,49,-1
3939,943,166,1
3940,198,19,-1
3941,916,86,1
3942,425,134,1
3943,665,136,1
3944,491,128,1
3945,887,153,1
3946,895,165,-1
3947,141,37,-1
3948,312,188,-1
3949,164,43,-1
3950,313,85,1
3951,20,43,1
3952,81,73,1
3953,580,118,-1
3954,130,189,-1
3955,598,121,-1
3956,729,133,-1
3957,932,144,1
3958,983,50,1
3959,304,37,-1
3960,914,151,-1
3961,370,50,1
3962,856,9,1
3963,852,119,1
3964,383,199,1
3965,907,148,-1
3966,444,69,1
3967,424,84,1
3968,160,56,1
3969,177,125,1
3970,628,38,-1
3971,707,32,-1
3972,894,186,-1
3973,489,17,-1
3974,326,183,-1
3975,597,56,-1
3976,288,95,1
3977,592,47,1
3978,663,41,1
3979,572,26,1
3980,572,73,-1
3981,353,109,1
3982,27,179,-1
3983,953,169,1
3984,42,31,1
3985,680,25,1
3986,422,24,-1
3987,597,74,1
3988,176,22,-1
3989,528,56,-1
3990,609,179,1
3991,965,125,-1
3992,493,86,-1
3993,197,30,1
3994,609,63,1
3995,576,198,1
3996,841,32,1
3997,852,1,1
3998,516,17,1
3999,513,174,-1
4000,21,160,1
4001,111,83,1
4002,56,34,-1
4003,65,178,1
4004,841,113,-1
4005,97,145,1
4006,143,109,1
4007,879,87,-1
4008,434,71,1
4009,636,124,-1
4010,678,29,1
4011,85,171,1
4012,587,52,-1
4013,343,137,1
4014,935,86,1
4015,293,179,-1
4016,955,176,1
4017,570,138,-1
4018,649,193,1
4019,610,185,-1
4020,703,163,1
4021,242,160,-1
4022,830,174,-1
4023,560,12,1
4024,959,39,1
4025,31,88,-1
4026,390,67,1
4027,276,41,-1
4028,531,146,1
4029,153,93,1
4030,382,18,-1
4031,67,185,-1
4032,877,22,1
4033,883,53,1
4034,213,64,1
4035,654,139,1
4036,375,23,1
4037,743,33,-1
4038,212,52,1
4039,78,135,1
4040,725,17,-1
4041,627,56,-1
4042,603,111,-1
4043,781,4,1
4044,922,153,-1
4045,380,157,-1
4046,679,181,-1
4047,57,12,-1
4048,795,82,1
4049,25,28,1
4050,880,2,1
4051,446,89,-1
4052,65,103,-1
4053,920,122,-1
4054,759,185,-1
4055,253,75,-1
4056,898,129,-1
4057,967,107,1
4058,43,155,1
4059,96,81,-1
4060,553,76,1
4061,226,1,-1
4062,773,126,-1
4063,678,134,1
4064,435,25,-1
4065,790,87,1
4066,600,15,-1
4067,378,150,-1
4068,177,167,1
4069,426,187,-1
4070,914,72,-1
4071,708,31,-1
4072,306,14,1
4073,778,140,-1
4074,503,4,-1
4075,267,73,-1
4076,585,51,1
4077,7,76,1
4078,919,168,1
4079,507,180,1
4080,475,109,1
4081,296,177,-1
4082,163,142,1
4083,484,105,1
4084,596,126,-1
4085,71,6,1
4086,566,39,-1
4087,904,155,1
4088,558,159,-1
4089,910,98,-1
4090,943,142,1
4091,237,84,1
4092,103,197,-1
4093,209,64,-1
4094,553,131,-1
4095,827,10,-1
4096,467,107,-1
4097,453,25,-1
4098,267,188,-1
4099,385,164,1
4100,774,150,-1
4101,847,84,1
4102,386,167,1
4103,876,150,-1
4104,258,122,-1
4105,282,143,1
4106,625,188,-1
4107,874,67,-1
4108,39,103,1
4109,485,79,1
4110,928,158,1
4111,219,52,-1
4112,128,105,-1
4113,519,152,1
4114,612,43,-1
4115,927,139,1
4116,891,89,-1
4117,687,100,1
4118,618,96,-1
4119,612,8,1
4120,259,11,-1
4121,989,68,-1
4122,965,181,1
4123,365,181,-1
4124,757,27,-1
4125,786,55,1
4126,543,98,-1
4127,648,196,-1
4128,523,109,-1
4129,906,76,1
4130,813,102,1
4131,886,105,1
4132,15,108,1
4133,128,111,1
4134,574,57,-1
4135,108,77,-1
4136,886,74,1
4137,532,41,-1
4138,669,165,-1
4139,268,67,-1
4140,161,180,-1
4141,259,32,1
4142,923,70,1
4143,101,55,-1
4144,505,104,-1
4145,734,199,1
4146,570,100,-1
4147,246,50,-1
4148,639,73,-1
4149,794,170,1
4150,836,120,1
4151,536,142,-1
4152,130,165,-1
4153,352,142,-1
4154,195,4,-1
4155,792,82,-1
4156,915,181,-1
4157,929,50,1
4158,665,9,1
4159,381,139,-1
4160,644,3,1
4161,226,94,-1
4162,700,145,-1
4163,475,79,1
4164,476,35,1
4165,264,24,-1
4166,371,97,-1
4167,485,163,1
4168,433,100,1
4169,645,194,-1
4170,210,8,-1
4171,571,60,-1
4172,939,52,1
4173,376,145,-1
4174,394,170,1
4175,449,162,-1
4176,942,62,1
4177,363,120,1
4178,875,104,1
4179,456,3,1
4180,724,92,-1
4181,727,168,1
4182,225,172,1
4183,981,177,1
4184,130,27,-1
4185,587,169,-1
4186,475,79,-1
4187,797,75,-1
4188,985,115,-1
4189,276,68,-1
4190,155,97,1
4191,759,0,1
4192,217,166,1
4193,189,95,-1
4194,416,16,1
4195,980,111,1
4196,674,90,-1
4197,691,87,1
4198,545,162,-1
4199,40,173,1
4200,306,169,-1
4201,942,166,-1
4202,337,89,-1
4203,313,48,1
4204,74,189,1
4205,952,37,-1
4206,278,150,-1
4207,175,149,1
4208,895,131,1
4209,661,176,-1
4210,272,58,1
4211,836,67,1
4212,619,198,1
4213,650,129,-1
4214,861,48,-1
4215,782,125,1
4216,858,158,-1
4217,930,110,1
4218,288,167,1
4219,723,47,-1
4220,892,50,-1
4221,271,42,-1
4222,929,97,1
4223,65,182,1
4224,482,176,-1
4225,935,123,-1
4226,247,79,-1
4227,155,184,1
4228,46,110,1
4229,934,142,1
4230,453,26,-1
4231,200,195,-1
4232,659,191,1
4233,123,157,-1
4234,0,163,-1
4235,967,194,-1
4236,758,112,-1
4237,854,85,1
4238,639,113,-1
4239,190,123,1
4240,578,48,1
4241,515,75,-1
4242,441,54,1
4243,920,55,1
4244,814,195,-1
4245,805,94,1
4246,142,43,1
4247,190,158,1
4248,532,185,1
4249,226,86,1
4250,312,180,1
4251,628,83,1
4252,948,150,1
4253,301,155,-1
4254,653,15,-1
4255,995,164,-1
4256,459,148,1
4257,400,144,1
4258,550,36,1
4259,392,76,-1
4260,866,146,-1
4261,763,157,-1
4262,844,44,1
4263,206,145,-1
4264,209,61,-1
4265,114,163,1
4266,736,99,-1
4267,645,51,1
4268,250,18,-1
4269,218,108,1
4270,406,43,1
4271,442,6,1
4272,602,171,1
4273,353,116,1
4274,887,67,-1
4275,557,33,1
4276,549,193,1
4277,141,68,1
4278,611,54,1
4279,500,9,-1
4280,839,41,1
4281,701,40,-1
4282,546,196,1
4283,658,121,1
4284,541,137,-1
4285,845,9,-1
4286,506,101,-1
4287,595,187,1
4288,880,127,-1
4289,280,178,1
4290,423,148,-1
4291,855,135,-1
4292,269,192,1
4293,153,91,-1
4294,613,112,-1
4295,726,77,1
4296,661,84,1
4297,943,29,1
4298,82,48,-1
4299,621,8,-1
4300,946,144,-1
4301,898,68,-1
4302,425,57,-1
4303,274,184,1
4304,712,61,-1
4305,283,51,1
4306,979,188,-1
4307,172,39,1
4308,326,165,-1
4309,717,170,-1
4310,62,62,1
4311,72,146,-1
4312,762,49,1
4313,635,160,-1
4314,374,140,-1
4315,632,77,1
4316,507,96,-1
4317,786,189,1
4318,942,42,-1
4319,397,176,-1
4320,119,35,-1
4321,933,121,-1
4322,436,107,-1
4323,828,9,-1
4324,675,94,-1
4325,935,5,1
4326,464,56,-1
4327,285,128,-1
4328,264,70,-1
4329,319,185,1
4330,672,20,1
4331,375,91,-1
4332,819,126,-1
4333,88,79,-1
4334,653,55,1
4335,202,115,-1
4336,820,147,1
4337,738,181,-1
4338,954,24,1
4339,333,155,1
4340,221,4,-1
4341,40,119,-1
4342,707,20,-1
4343,67,17,-1
4344,987,174,-1
4345,775,197,-1
4346,513,56,-1
4347,872,92,1
4348,636,18,-1
4349,621,127,-1
4350,597,96,1
4351,936,192,-1
4352,631,130,-1
4353,126,169,-1
4354,254,20,-1
4355,694,39,1
4356,15,66,1
4357,476,152,-1
4358,61,126,-1
4359,880,54,1
4360,431,179,-1
4361,669,171,1
4362,267,108,1
4363,34,97,1
4364,778,183,-1
4365,575,182,-1
4366,493,111,-1
4367,561,197,1
4368,468,114,-1
4369,766,116,-1
4370,660,86,1
4371,324,80,-1
4372,303,65,-1
4373,275,18,-1
4374,868,134,1
4375,962,117,-1
4376,683,190,1
4377,928,41,1
4378,200,41,1
4379,444,58,-1
4380,904,19,-1
4381,323,72,-1
4382,34,16,1
4383,976,26,1
4384,481,174,-1
4385,727,1,1
4386,479,62,-1
4387,64,61,-1
4388,7,99,-1
4389,300,18,-1
4390,342,16,-1
4391,430,68,-1
4392,423,166,-1
4393,331,116,1
4394,437,198,-1
4395,587,80,1
4396,173,38,1
4397,558,35,-1
4398,526,167,1
4399,872,172,1
4400,658,131,1
4401,25,152,-1
4402,819,196,-1
4403,604,157,-1
4404,405,195,-1
4405,231,28,-1
4406,532,195,1
4407,818,50,1
4408,549,151,-1
4409,787,13,1
4410,504,68,1
4411,668,145,1
4412,178,169,1
4413,131,56,-1
4414,822,11,-1
4415,454,16,-1
4416,347,29,1
4417,539,87,1
4418,771,98,-1
4419,405,22,-1
4420,75,128,1
4421,940,78,-1
4422,578,31,-1
4423,853,8,1
4424,491,14,1
4425,193,155,-1
4426,983,151,1
4427,161,187,-1
4428,346,162,1
4429,950,26,1
4430,360,108,-1
4431,768,75,1
4432,583,147,-1
4433,86,64,1
4434,933,176,-1
4435,261,108,1
4436,213,128,1
4437,664,9,-1
4438,721,46,1
4439,912,122,-1
4440,572,58,1
4441,779,95,1
4442,261,189,-1
4443,729,102,1
4444,282,123,1
4445,647,85,-1
4446,466,145,1
4447,379,111,-1
4448,361,173,-1
4449,448,159,-1
4450,440,26,1
4451,92,17,1
4452,620,166,-1
4453,752,176,1
4454,866,81,-1
4455,423,171,1
4456,141,71,-1
4457,290,53,-1
4458,431,161,1
4459,748,70,-1
4460,851,163,-1
4461,823,145,1
4462,688,37,-1
4463,652,186,-1
4464,700,136,1
4465,997,199,-1
4466,48,178,-1
4467,301,34,-1
4468,880,81,-1
4469,189,132,-1
4470,135,141,-1
4471,554,157,-1
4472,403,3,-1
4473,891,166,1
4474,864,191,-1
4475,601,152,-1
4476,806,155,1
4477,340,193,-1
4478,756,149,-1
4479,944,158,-1
4480,703,22,-1
4481,317,47,-1
4482,617,147,-1
4483,362,124,1
4484,821,165,1
4485,381,54,1
4486,232,67,1
4487,776,87,1
4488,343,0,-1
4489,548,134,-1
4490,816,184,-1
4491,552,94,-1
4492,528,139,-1
4493,855,105,1
4494,788,132,1
4495,818,107,-1
4496,570,177,-1
4497,934,41,-1
4498,182,101,1
4499,40,123,1
4500,550,139,-1
4501,396,102,1
4502,703,145,-1
4503,778,193,1
4504,493,73,1
4505,658,107,-1
4506,906,121,1
4507,332,16,1
4508,126,195,-1
4509,557,70,1
4510,556,61,-1
4511,0,40,1
4512,167,118,-1
4513,619,161,-1
4514,18,197,1
4515,331,44,1
4516,583,57,-1
4517,455,178,1
4518,956,125,1
4519,108,161,1
4520,267,43,-1
4521,444,14,-1
4522,239,77,-1
4523,928,69,1
4524,300,177,1
4525,601,100,-1
4526,102,159,-1
4527,987,194,1
4528,249,2,1
4529,452,85,1
4530,519,73,1
4531,152,50,-1
4532,858,66,1
4533,173,75,1
4534,342,92,-1
4535,669,175,-1
4536,430,144,1
4537,726,6,-1
4538,688,12,1
4539,686,119,1
4540,851,65,-1
4541,849,3,-1
4542,657,137,1
4543,961,87,-1
4544,323,16,1
4545,989,51,1
4546,672,133,1
4547,638,68,-1
4548,419,136,1
4549,593,20,1
4550,484,23,1
4551,658,3,-1
4552,750,151,1
4553,411,186,1
4554,935,2,1
4555,83,67,-1
4556,112,100,1
4557,736,167,1
4558,331,175,-1
4559,377,53,-1
4560,754,34,1
4561,654,55,1
4562,40,107,1
4563,934,39,-1
4564,769,67,-1
4565,958,45,1
4566,796,77,-1
4567,104,140,1
4568,201,154,1
4569,449,5,-1
4570,818,16,1
4571,842,163,-1
4572,972,98,-1
4573,265,80,1
4574,909,1,-1
4575,209,76,1
4576,562,179,-1
4577,117,65,1
4578,712,51,1
4579,376,91,1
4580,550,170,-1
4581,539,21,1
4582,770,110,-1
4583,83,106,-1
4584,453,182,-1
4585,666,66,-1
4586,628,187,-1
4587,513,185,1
4588,604,139,-1
4589,677,68,1
4590,386,83,1
4591,911,102,-1
4592,349,38,1
4593,295,12,1
4594,257,40,-1
4595,80,56,1
4596,936,180,-1
4597,267,11,-1
4598,418,12,-1
4599,234,119,1
4600,832,96,1
4601,310,56,1
4602,812,39,1
4603,974,117,-1
4604,985,79,-1
4605,356,127,1
4606,212,172,-1
4607,573,34,1
4608,48,2,-1
4609,126,119,-1
4610,222,4,-1
4611,920,10,-1
4612,278,125,-1
4613,407,70,1
4614,504,116,1
4615,293,183,-1
4616,795,137,1
4617,276,105,-1
4618,437,115,-1
4619,106,161,-1
4620,657,66,-1
4621,419,199,1
4622,610,30,-1
4623,428,74,1
4624,374,70,-1
4625,72,65,-1
4626,948,69,1
4627,997,40,-1
4628,633,190,-1
4629,29,159,1
4630,187,19,1
4631,363,184,1
4632,865,177,-1
4633,799,152,-1
4634,450,139,1
4635,194,198,1
4636,155,38,-1
4637,171,144,-1
4638,846,44,1
4639,40,138,1
4640,62,69,1
4641,22,124,1
4642,359,150,-1
4643,74,90,-1
4644,559,69,-1
4645,671,165,-1
4646,824,129,1
4647,117,83,-1
4648,611,88,1
4649,379,78,-1
4650,928,112,-1
4651,919,92,-1
4652,678,71,1
4653,289,164,-1
4654,439,48,1
4655,667,51,1
4656,932,32,-1
4657,6,21,1
4658,195,113,-1
4659,420,132,1
4660,567,17,-1
4661,832,165,1
4662,192,117,1
4663,558,116,-1
4664,147,36,-1
4665,786,63,-1
4666,668,137,-1
4667,201,78,1
4668,443,169,1
4669,913,122,1
4670,987,175,1
4671,418,43,-1
4672,426,81,1
4673,478,86,-1
4674,474,15,1
4675,125,53,-1
4676,394,101,-1
4677,816,162,-1
4678,880,97,-1
4679,805,155,-1
4680,575,1,1
4681,324,93,-1
4682,391,140,1
4683,929,168,1
4684,687,58,-1
4685,627,68,1
4686,439,118,1
4687,203,91,1
4688,485,180,-1
4689,832,44,-1
4690,30,147,-1
4691,387,23,-1
4692,624,188,1
4693,876,90,1
4694,433,93,1
4695,836,57,1
4696,925,154,1
4697,375,153,1
4698,343,127,-1
4699,442,6,1
4700,578,169,1
4701,74,46,1
4702,556,52,-1
4703,771,186,1
4704,665,37,1
4705,154,196,-1
4706,429,52,1
4707,362,142,-1
4708,447,153,-1
4709,986,47,1
4710,233,94,1
4711,562,146,-1
4712,817,136,1
4713,261,63,1
4714,826,92,-1
4715,124,181,-1
4716,910,124,1
4717,244,178,-1
4718,541,38,1
4719,937,3,1
4720,484,125,1
4721,121,2,1
4722,124,63,-1
4723,548,28,1
4724,169,115,-1
4725,123,10,1
4726,868,96,1
4727,34,101,-1
4728,86,185,1
4729,645,154,-1
4730,707,20,-1
4731,785,38,1
4732,200,101,1
4733,368,45,1
4734,796,65,1
4735,76,90,-1
4736,58,163,1
4737,430,110,1
4738,637,81,1
4739,499,122,1
4740,912,192,1
4741,108,190,-1
4742,735,98,1
4743,277,34,-1
4744,67,158,1
4745,68,155,1
4746,164,102,1
4747,488,128,-1
4748,304,24,1
4749,908,42,-1
4750,673,83,-1
4751,364,194,1
4752,853,190,-1
4753,820,50,1
4754,378,129,1
4755,342,125,-1
4756,946,191,1
4757,898,68,1
4758,553,8,-1
4759,353,1,-1
4760,415,161,-1
4761,108,187,-1
4762,562,188,-1
4763,761,158,-1
4764,496,9,1
4765,340,113,-1
4766,941,75,-1
4767,382,163,1
4768,532,84,1
4769,299,48,-1
4770,138,69,-1
4771,358,176,1
4772,835,130,-1
4773,498,132,-1
4774,384,188,1
4775,603,89,-1
4776,958,25,1
4777,279,71,-1
4778,636,4,1
4779,482,14,1
4780,908,122,1
4781,110,143,-1
4782,865,0,1
4783,138,143,-1
4784,995,164,1
4785,434,2,1
4786,508,179,1
4787,272,46,-1
4788,98,94,-1
4789,763,12,1
4790,849,119,-1
4791,103,54,-1
4792,213,148,-1
4793,760,65,1
4794,663,181,-1
4795,761,154,1
4796,786,165,1
4797,164,89,1
4798,998,185,-1
4799,852,61,1
4800,519,101,-1
4801,283,173,-1
4802,516,138,1
4803,656,199,1
4804,612,7,1
4805,163,96,-1
4806,885,116,-1
4807,658,198,1
4808,63,63,1
4809,90,20,-1
4810,116,199,-1
4811,865,114,1
4812,266,190,-1
4813,821,84,-1
4814,684,191,-1
4815,558,19,-1
4816,139,7,-1
4817,245,57,-1
4818,660,45,1
4819,757,30,-1
4820,394,92,1
4821,486,8,1
4822,475,14,-1
4823,516,93,1
4824,976,153,1
4825,183,137,1
4826,19,28,-1
4827,936,79,1
4828,557,35,-1
4829,523,83,1
4830,581,108,1
4831,528,117,1
4832,882,36,1
4833,146,85,-1
4834,665,70,1
4835,303,150,1
4836,619,168,-1
4837,747,92,-1
4838,819,79,-1
4839,863,101,1
4840,581,155,-1
4841,694,175,-1
4842,761,165,-1
4843,227,158,-1
4844,101,13,-1
4845,586,116,-1
4846,416,72,1
4847,957,90,-1
4848,215,89,1
4849,406,28,-1
4850,398,178,-1
4851,922,48,-1
4852,714,170,1
4853,703,71,-1
4854,760,132,-1
4855,498,41,-1
4856,753,134,-1
4857,464,41,1
4858,690,163,1
4859,948,104,1
4860,973,26,1
4861,730,57,1
4862,81,45,-1
4863,603,65,-1
4864,946,24,-1
4865,686,72,1
4866,750,116,-1
4867,771,154,1
4868,902,128,-1
4869,364,86,1
4870,162,73,-1
4871,47,169,-1
4872,510,179,-1
4873,328,152,-1
4874,839,181,1
4875,115,124,-1
4876,940,66,-1
4877,848,5,-1
4878,336,124,1
4879,880,57,-1
4880,736,69,-1
4881,863,52,-1
4882,839,65,-1
4883,146,57,-1
4884,574,81,1
4885,805,86,1
4886,322,1,1
4887,442,149,-1
4888,836,36,1
4889,12,147,-1
4890,942,102,-1
4891,493,23,-1
4892,700,111,-1
4893,286,64,1
4894,719,192,1
4895,113,128,1
4896,479,116,-1
4897,21,115,1
4898,348,104,1
4899,725,2,-1
4900,682,45,1
4901,834,54,-1
4902,565,74,1
4903,905,191,1
4904,809,44,1
4905,319,153,-1
4906,125,76,1
4907,276,192,1
4908,975,23,1
4909,203,34,1
4910,193,23,-1
4911,680,27,-1
4912,663,15,1
4913,546,58,1
4914,695,181,1
4915,285,143,-1
4916,56,14,1
4917,733,10,1
4918,302,192,-1
4919,162,78,-1
4920,18,114,-1
4921,369,67,1
4922,263,42,-1
4923,793,68,-1
4924,112,140,1
4925,487,137,-1
4926,326,74,1
4927,541,102,1
4928,646,40,-1
4929,578,177,1
4930,64,198,-1
4931,291,58,-1
4932,24,38,-1
4933,548,2,1
4934,0,6,-1
4935,910,48,1
4936,548,25,1
4937,140,160,1
4938,743,100,-1
4939,647,175,1
4940,900,78,1
4941,187,1,-1
4942,127,126,-1
4943,200,198,1
4944,126,159,1
4945,256,131,-1
4946,675,19,1
4947,546,116,1
4948,193,163,1
4949,702,31,1
4950,103,27,-1
4951,534,76,1
4952,264,0,-1
4953,801,187,1
4954,941,55,-1
4955,973,34,1
4956,383,111,-1
4957,259,29,1
4958,413,53,-1
4959,990,35,1
4960,357,182,1
4961,74,79,-1
4962,354,57,-1
4963,583,82,-1
4964,770,64,-1
4965,909,68,-1
4966,187,127,1
4967,972,50,-1
4968,684,21,-1
4969,991,106,1
4970,289,108,-1
4971,44,115,-1
4972,572,100,-1
4973,82,180,1
4974,122,99,-1
4975,357,163,1
4976,527,67,1
4977,65,35,-1
4978,935,179,1
4979,656,180,-1
4980,374,177,-1
4981,161,168,-1
4982,745,145,-1
4983,379,21,-1
4984,655,65,1
4985,357,20,1
4986,187,99,1
4987,321,127,1
4988,449,43,-1
4989,473,102,-1
4990,12,46,1
4991,183,38,-1
4992,110,28,1
4993,926,53,1
4994,507,89,1
4995,289,84,1
4996,294,16,-1
4997,450,79,-1
4998,903,187,1
4999,214,158,1
5000,71,500,1
5001,71,501,1
5003,71,502,1